driver_id,constructor_id,points,grid,position,best_quali_time,season,round,race_name,circuit_id,circuit_name,lat,long,locality,country,date,time,sprint_date
leclerc,ferrari,26,1,1,90.55799999999999,2022,1,Bahrain Grand Prix,bahrain,Bahrain International Circuit,26.0325,50.5106,Sakhir,Bahrain,2022-03-20,15:00:00Z,NA
sainz,ferrari,18,3,2,90.687,2022,1,Bahrain Grand Prix,bahrain,Bahrain International Circuit,26.0325,50.5106,Sakhir,Bahrain,2022-03-20,15:00:00Z,NA
hamilton,mercedes,15,5,3,91.048,2022,1,Bahrain Grand Prix,bahrain,Bahrain International Circuit,26.0325,50.5106,Sakhir,Bahrain,2022-03-20,15:00:00Z,NA
russell,mercedes,12,9,4,91.252,2022,1,Bahrain Grand Prix,bahrain,Bahrain International Circuit,26.0325,50.5106,Sakhir,Bahrain,2022-03-20,15:00:00Z,NA
kevin_magnussen,haas,10,7,5,91.461,2022,1,Bahrain Grand Prix,bahrain,Bahrain International Circuit,26.0325,50.5106,Sakhir,Bahrain,2022-03-20,15:00:00Z,NA
bottas,alfa,8,6,6,91.56,2022,1,Bahrain Grand Prix,bahrain,Bahrain International Circuit,26.0325,50.5106,Sakhir,Bahrain,2022-03-20,15:00:00Z,NA
ocon,alpine,6,11,7,91.782,2022,1,Bahrain Grand Prix,bahrain,Bahrain International Circuit,26.0325,50.5106,Sakhir,Bahrain,2022-03-20,15:00:00Z,NA
tsunoda,alphatauri,4,16,8,92.75,2022,1,Bahrain Grand Prix,bahrain,Bahrain International Circuit,26.0325,50.5106,Sakhir,Bahrain,2022-03-20,15:00:00Z,NA
alonso,alpine,2,8,9,91.621,2022,1,Bahrain Grand Prix,bahrain,Bahrain International Circuit,26.0325,50.5106,Sakhir,Bahrain,2022-03-20,15:00:00Z,NA
zhou,alfa,1,15,10,92.493,2022,1,Bahrain Grand Prix,bahrain,Bahrain International Circuit,26.0325,50.5106,Sakhir,Bahrain,2022-03-20,15:00:00Z,NA
mick_schumacher,haas,0,12,11,91.998,2022,1,Bahrain Grand Prix,bahrain,Bahrain International Circuit,26.0325,50.5106,Sakhir,Bahrain,2022-03-20,15:00:00Z,NA
stroll,aston_martin,0,19,12,93.032,2022,1,Bahrain Grand Prix,bahrain,Bahrain International Circuit,26.0325,50.5106,Sakhir,Bahrain,2022-03-20,15:00:00Z,NA
albon,williams,0,14,13,92.664,2022,1,Bahrain Grand Prix,bahrain,Bahrain International Circuit,26.0325,50.5106,Sakhir,Bahrain,2022-03-20,15:00:00Z,NA
ricciardo,mclaren,0,18,14,92.945,2022,1,Bahrain Grand Prix,bahrain,Bahrain International Circuit,26.0325,50.5106,Sakhir,Bahrain,2022-03-20,15:00:00Z,NA
norris,mclaren,0,13,15,92.00800000000001,2022,1,Bahrain Grand Prix,bahrain,Bahrain International Circuit,26.0325,50.5106,Sakhir,Bahrain,2022-03-20,15:00:00Z,NA
latifi,williams,0,20,16,93.634,2022,1,Bahrain Grand Prix,bahrain,Bahrain International Circuit,26.0325,50.5106,Sakhir,Bahrain,2022-03-20,15:00:00Z,NA
hulkenberg,aston_martin,0,17,17,92.777,2022,1,Bahrain Grand Prix,bahrain,Bahrain International Circuit,26.0325,50.5106,Sakhir,Bahrain,2022-03-20,15:00:00Z,NA
perez,red_bull,0,4,18,90.92099999999999,2022,1,Bahrain Grand Prix,bahrain,Bahrain International Circuit,26.0325,50.5106,Sakhir,Bahrain,2022-03-20,15:00:00Z,NA
max_verstappen,red_bull,0,2,19,90.681,2022,1,Bahrain Grand Prix,bahrain,Bahrain International Circuit,26.0325,50.5106,Sakhir,Bahrain,2022-03-20,15:00:00Z,NA
gasly,alphatauri,0,10,20,91.635,2022,1,Bahrain Grand Prix,bahrain,Bahrain International Circuit,26.0325,50.5106,Sakhir,Bahrain,2022-03-20,15:00:00Z,NA
max_verstappen,red_bull,25,4,1,88.461,2022,2,Saudi Arabian Grand Prix,jeddah,Jeddah Corniche Circuit,21.6319,39.1044,Jeddah,Saudi Arabia,2022-03-27,17:00:00Z,NA
leclerc,ferrari,19,2,2,88.225,2022,2,Saudi Arabian Grand Prix,jeddah,Jeddah Corniche Circuit,21.6319,39.1044,Jeddah,Saudi Arabia,2022-03-27,17:00:00Z,NA
sainz,ferrari,15,3,3,88.402,2022,2,Saudi Arabian Grand Prix,jeddah,Jeddah Corniche Circuit,21.6319,39.1044,Jeddah,Saudi Arabia,2022-03-27,17:00:00Z,NA
perez,red_bull,12,1,4,88.2,2022,2,Saudi Arabian Grand Prix,jeddah,Jeddah Corniche Circuit,21.6319,39.1044,Jeddah,Saudi Arabia,2022-03-27,17:00:00Z,NA
russell,mercedes,10,6,5,89.104,2022,2,Saudi Arabian Grand Prix,jeddah,Jeddah Corniche Circuit,21.6319,39.1044,Jeddah,Saudi Arabia,2022-03-27,17:00:00Z,NA
ocon,alpine,8,5,6,89.068,2022,2,Saudi Arabian Grand Prix,jeddah,Jeddah Corniche Circuit,21.6319,39.1044,Jeddah,Saudi Arabia,2022-03-27,17:00:00Z,NA
norris,mclaren,6,11,7,89.651,2022,2,Saudi Arabian Grand Prix,jeddah,Jeddah Corniche Circuit,21.6319,39.1044,Jeddah,Saudi Arabia,2022-03-27,17:00:00Z,NA
gasly,alphatauri,4,9,8,89.254,2022,2,Saudi Arabian Grand Prix,jeddah,Jeddah Corniche Circuit,21.6319,39.1044,Jeddah,Saudi Arabia,2022-03-27,17:00:00Z,NA
kevin_magnussen,haas,2,10,9,89.54599999999999,2022,2,Saudi Arabian Grand Prix,jeddah,Jeddah Corniche Circuit,21.6319,39.1044,Jeddah,Saudi Arabia,2022-03-27,17:00:00Z,NA
hamilton,mercedes,1,15,10,90.343,2022,2,Saudi Arabian Grand Prix,jeddah,Jeddah Corniche Circuit,21.6319,39.1044,Jeddah,Saudi Arabia,2022-03-27,17:00:00Z,NA
zhou,alfa,0,12,11,89.819,2022,2,Saudi Arabian Grand Prix,jeddah,Jeddah Corniche Circuit,21.6319,39.1044,Jeddah,Saudi Arabia,2022-03-27,17:00:00Z,NA
hulkenberg,aston_martin,0,17,12,90.543,2022,2,Saudi Arabian Grand Prix,jeddah,Jeddah Corniche Circuit,21.6319,39.1044,Jeddah,Saudi Arabia,2022-03-27,17:00:00Z,NA
stroll,aston_martin,0,13,13,90.256,2022,2,Saudi Arabian Grand Prix,jeddah,Jeddah Corniche Circuit,21.6319,39.1044,Jeddah,Saudi Arabia,2022-03-27,17:00:00Z,NA
albon,williams,0,16,14,90.492,2022,2,Saudi Arabian Grand Prix,jeddah,Jeddah Corniche Circuit,21.6319,39.1044,Jeddah,Saudi Arabia,2022-03-27,17:00:00Z,NA
bottas,alfa,0,8,15,89.18299999999999,2022,2,Saudi Arabian Grand Prix,jeddah,Jeddah Corniche Circuit,21.6319,39.1044,Jeddah,Saudi Arabia,2022-03-27,17:00:00Z,NA
alonso,alpine,0,7,16,89.14699999999999,2022,2,Saudi Arabian Grand Prix,jeddah,Jeddah Corniche Circuit,21.6319,39.1044,Jeddah,Saudi Arabia,2022-03-27,17:00:00Z,NA
ricciardo,mclaren,0,14,17,89.773,2022,2,Saudi Arabian Grand Prix,jeddah,Jeddah Corniche Circuit,21.6319,39.1044,Jeddah,Saudi Arabia,2022-03-27,17:00:00Z,NA
latifi,williams,0,18,18,91.81700000000001,2022,2,Saudi Arabian Grand Prix,jeddah,Jeddah Corniche Circuit,21.6319,39.1044,Jeddah,Saudi Arabia,2022-03-27,17:00:00Z,NA
tsunoda,alphatauri,0,19,19,Inf,2022,2,Saudi Arabian Grand Prix,jeddah,Jeddah Corniche Circuit,21.6319,39.1044,Jeddah,Saudi Arabia,2022-03-27,17:00:00Z,NA
mick_schumacher,haas,0,0,20,89.92,2022,2,Saudi Arabian Grand Prix,jeddah,Jeddah Corniche Circuit,21.6319,39.1044,Jeddah,Saudi Arabia,2022-03-27,17:00:00Z,NA
leclerc,ferrari,26,1,1,77.868,2022,3,Australian Grand Prix,albert_park,Albert Park Grand Prix Circuit,-37.8497,144.968,Melbourne,Australia,2022-04-10,05:00:00Z,NA
perez,red_bull,18,3,2,78.24,2022,3,Australian Grand Prix,albert_park,Albert Park Grand Prix Circuit,-37.8497,144.968,Melbourne,Australia,2022-04-10,05:00:00Z,NA
russell,mercedes,15,6,3,78.93299999999999,2022,3,Australian Grand Prix,albert_park,Albert Park Grand Prix Circuit,-37.8497,144.968,Melbourne,Australia,2022-04-10,05:00:00Z,NA
hamilton,mercedes,12,5,4,78.825,2022,3,Australian Grand Prix,albert_park,Albert Park Grand Prix Circuit,-37.8497,144.968,Melbourne,Australia,2022-04-10,05:00:00Z,NA
norris,mclaren,10,4,5,78.703,2022,3,Australian Grand Prix,albert_park,Albert Park Grand Prix Circuit,-37.8497,144.968,Melbourne,Australia,2022-04-10,05:00:00Z,NA
ricciardo,mclaren,8,7,6,79.032,2022,3,Australian Grand Prix,albert_park,Albert Park Grand Prix Circuit,-37.8497,144.968,Melbourne,Australia,2022-04-10,05:00:00Z,NA
ocon,alpine,6,8,7,79.061,2022,3,Australian Grand Prix,albert_park,Albert Park Grand Prix Circuit,-37.8497,144.968,Melbourne,Australia,2022-04-10,05:00:00Z,NA
bottas,alfa,4,12,8,79.251,2022,3,Australian Grand Prix,albert_park,Albert Park Grand Prix Circuit,-37.8497,144.968,Melbourne,Australia,2022-04-10,05:00:00Z,NA
gasly,alphatauri,2,11,9,79.226,2022,3,Australian Grand Prix,albert_park,Albert Park Grand Prix Circuit,-37.8497,144.968,Melbourne,Australia,2022-04-10,05:00:00Z,NA
albon,williams,1,20,10,80.135,2022,3,Australian Grand Prix,albert_park,Albert Park Grand Prix Circuit,-37.8497,144.968,Melbourne,Australia,2022-04-10,05:00:00Z,NA
zhou,alfa,0,14,11,79.91,2022,3,Australian Grand Prix,albert_park,Albert Park Grand Prix Circuit,-37.8497,144.968,Melbourne,Australia,2022-04-10,05:00:00Z,NA
stroll,aston_martin,0,19,12,Inf,2022,3,Australian Grand Prix,albert_park,Albert Park Grand Prix Circuit,-37.8497,144.968,Melbourne,Australia,2022-04-10,05:00:00Z,NA
mick_schumacher,haas,0,15,13,80.104,2022,3,Australian Grand Prix,albert_park,Albert Park Grand Prix Circuit,-37.8497,144.968,Melbourne,Australia,2022-04-10,05:00:00Z,NA
kevin_magnussen,haas,0,16,14,80.254,2022,3,Australian Grand Prix,albert_park,Albert Park Grand Prix Circuit,-37.8497,144.968,Melbourne,Australia,2022-04-10,05:00:00Z,NA
tsunoda,alphatauri,0,13,15,79.424,2022,3,Australian Grand Prix,albert_park,Albert Park Grand Prix Circuit,-37.8497,144.968,Melbourne,Australia,2022-04-10,05:00:00Z,NA
latifi,williams,0,18,16,81.372,2022,3,Australian Grand Prix,albert_park,Albert Park Grand Prix Circuit,-37.8497,144.968,Melbourne,Australia,2022-04-10,05:00:00Z,NA
alonso,alpine,0,10,17,78.815,2022,3,Australian Grand Prix,albert_park,Albert Park Grand Prix Circuit,-37.8497,144.968,Melbourne,Australia,2022-04-10,05:00:00Z,NA
max_verstappen,red_bull,0,2,18,78.154,2022,3,Australian Grand Prix,albert_park,Albert Park Grand Prix Circuit,-37.8497,144.968,Melbourne,Australia,2022-04-10,05:00:00Z,NA
vettel,aston_martin,0,17,19,81.149,2022,3,Australian Grand Prix,albert_park,Albert Park Grand Prix Circuit,-37.8497,144.968,Melbourne,Australia,2022-04-10,05:00:00Z,NA
sainz,ferrari,0,9,20,78.469,2022,3,Australian Grand Prix,albert_park,Albert Park Grand Prix Circuit,-37.8497,144.968,Melbourne,Australia,2022-04-10,05:00:00Z,NA
max_verstappen,red_bull,26,1,1,78.793,2022,4,Emilia Romagna Grand Prix,imola,Autodromo Enzo e Dino Ferrari,44.3439,11.7167,Imola,Italy,2022-04-24,13:00:00Z,2022-04-23
perez,red_bull,18,3,2,79.29599999999999,2022,4,Emilia Romagna Grand Prix,imola,Autodromo Enzo e Dino Ferrari,44.3439,11.7167,Imola,Italy,2022-04-24,13:00:00Z,2022-04-23
norris,mclaren,15,5,3,79.294,2022,4,Emilia Romagna Grand Prix,imola,Autodromo Enzo e Dino Ferrari,44.3439,11.7167,Imola,Italy,2022-04-24,13:00:00Z,2022-04-23
russell,mercedes,12,11,4,80.383,2022,4,Emilia Romagna Grand Prix,imola,Autodromo Enzo e Dino Ferrari,44.3439,11.7167,Imola,Italy,2022-04-24,13:00:00Z,2022-04-23
bottas,alfa,10,7,5,80.19200000000001,2022,4,Emilia Romagna Grand Prix,imola,Autodromo Enzo e Dino Ferrari,44.3439,11.7167,Imola,Italy,2022-04-24,13:00:00Z,2022-04-23
leclerc,ferrari,8,2,6,78.79599999999999,2022,4,Emilia Romagna Grand Prix,imola,Autodromo Enzo e Dino Ferrari,44.3439,11.7167,Imola,Italy,2022-04-24,13:00:00Z,2022-04-23
tsunoda,alphatauri,6,12,7,80.474,2022,4,Emilia Romagna Grand Prix,imola,Autodromo Enzo e Dino Ferrari,44.3439,11.7167,Imola,Italy,2022-04-24,13:00:00Z,2022-04-23
vettel,aston_martin,4,13,8,79.957,2022,4,Emilia Romagna Grand Prix,imola,Autodromo Enzo e Dino Ferrari,44.3439,11.7167,Imola,Italy,2022-04-24,13:00:00Z,2022-04-23
kevin_magnussen,haas,2,8,9,79.902,2022,4,Emilia Romagna Grand Prix,imola,Autodromo Enzo e Dino Ferrari,44.3439,11.7167,Imola,Italy,2022-04-24,13:00:00Z,2022-04-23
stroll,aston_martin,1,15,10,80.342,2022,4,Emilia Romagna Grand Prix,imola,Autodromo Enzo e Dino Ferrari,44.3439,11.7167,Imola,Italy,2022-04-24,13:00:00Z,2022-04-23
albon,williams,0,18,11,Inf,2022,4,Emilia Romagna Grand Prix,imola,Autodromo Enzo e Dino Ferrari,44.3439,11.7167,Imola,Italy,2022-04-24,13:00:00Z,2022-04-23
gasly,alphatauri,0,17,12,80.732,2022,4,Emilia Romagna Grand Prix,imola,Autodromo Enzo e Dino Ferrari,44.3439,11.7167,Imola,Italy,2022-04-24,13:00:00Z,2022-04-23
hamilton,mercedes,0,14,13,80.47,2022,4,Emilia Romagna Grand Prix,imola,Autodromo Enzo e Dino Ferrari,44.3439,11.7167,Imola,Italy,2022-04-24,13:00:00Z,2022-04-23
ocon,alpine,0,16,14,82.338,2022,4,Emilia Romagna Grand Prix,imola,Autodromo Enzo e Dino Ferrari,44.3439,11.7167,Imola,Italy,2022-04-24,13:00:00Z,2022-04-23
zhou,alfa,0,0,15,79.73,2022,4,Emilia Romagna Grand Prix,imola,Autodromo Enzo e Dino Ferrari,44.3439,11.7167,Imola,Italy,2022-04-24,13:00:00Z,2022-04-23
latifi,williams,0,19,16,81.971,2022,4,Emilia Romagna Grand Prix,imola,Autodromo Enzo e Dino Ferrari,44.3439,11.7167,Imola,Italy,2022-04-24,13:00:00Z,2022-04-23
mick_schumacher,haas,0,10,17,80.422,2022,4,Emilia Romagna Grand Prix,imola,Autodromo Enzo e Dino Ferrari,44.3439,11.7167,Imola,Italy,2022-04-24,13:00:00Z,2022-04-23
ricciardo,mclaren,0,6,18,79.98,2022,4,Emilia Romagna Grand Prix,imola,Autodromo Enzo e Dino Ferrari,44.3439,11.7167,Imola,Italy,2022-04-24,13:00:00Z,2022-04-23
alonso,alpine,0,9,19,79.595,2022,4,Emilia Romagna Grand Prix,imola,Autodromo Enzo e Dino Ferrari,44.3439,11.7167,Imola,Italy,2022-04-24,13:00:00Z,2022-04-23
sainz,ferrari,0,4,20,78.99,2022,4,Emilia Romagna Grand Prix,imola,Autodromo Enzo e Dino Ferrari,44.3439,11.7167,Imola,Italy,2022-04-24,13:00:00Z,2022-04-23
max_verstappen,red_bull,26,3,1,88.991,2022,5,Miami Grand Prix,miami,Miami International Autodrome,25.9581,-80.2389,Miami,USA,2022-05-08,19:30:00Z,NA
leclerc,ferrari,18,1,2,88.79599999999999,2022,5,Miami Grand Prix,miami,Miami International Autodrome,25.9581,-80.2389,Miami,USA,2022-05-08,19:30:00Z,NA
sainz,ferrari,15,2,3,88.986,2022,5,Miami Grand Prix,miami,Miami International Autodrome,25.9581,-80.2389,Miami,USA,2022-05-08,19:30:00Z,NA
perez,red_bull,12,4,4,89.036,2022,5,Miami Grand Prix,miami,Miami International Autodrome,25.9581,-80.2389,Miami,USA,2022-05-08,19:30:00Z,NA
russell,mercedes,10,12,5,90.173,2022,5,Miami Grand Prix,miami,Miami International Autodrome,25.9581,-80.2389,Miami,USA,2022-05-08,19:30:00Z,NA
hamilton,mercedes,8,6,6,89.625,2022,5,Miami Grand Prix,miami,Miami International Autodrome,25.9581,-80.2389,Miami,USA,2022-05-08,19:30:00Z,NA
bottas,alfa,6,5,7,89.475,2022,5,Miami Grand Prix,miami,Miami International Autodrome,25.9581,-80.2389,Miami,USA,2022-05-08,19:30:00Z,NA
ocon,alpine,4,20,8,Inf,2022,5,Miami Grand Prix,miami,Miami International Autodrome,25.9581,-80.2389,Miami,USA,2022-05-08,19:30:00Z,NA
albon,williams,2,18,9,91.26599999999999,2022,5,Miami Grand Prix,miami,Miami International Autodrome,25.9581,-80.2389,Miami,USA,2022-05-08,19:30:00Z,NA
stroll,aston_martin,1,0,10,89.996,2022,5,Miami Grand Prix,miami,Miami International Autodrome,25.9581,-80.2389,Miami,USA,2022-05-08,19:30:00Z,NA
alonso,alpine,0,11,11,90.16,2022,5,Miami Grand Prix,miami,Miami International Autodrome,25.9581,-80.2389,Miami,USA,2022-05-08,19:30:00Z,NA
tsunoda,alphatauri,0,9,12,89.932,2022,5,Miami Grand Prix,miami,Miami International Autodrome,25.9581,-80.2389,Miami,USA,2022-05-08,19:30:00Z,NA
ricciardo,mclaren,0,14,13,90.31,2022,5,Miami Grand Prix,miami,Miami International Autodrome,25.9581,-80.2389,Miami,USA,2022-05-08,19:30:00Z,NA
latifi,williams,0,19,14,91.325,2022,5,Miami Grand Prix,miami,Miami International Autodrome,25.9581,-80.2389,Miami,USA,2022-05-08,19:30:00Z,NA
mick_schumacher,haas,0,15,15,90.423,2022,5,Miami Grand Prix,miami,Miami International Autodrome,25.9581,-80.2389,Miami,USA,2022-05-08,19:30:00Z,NA
kevin_magnussen,haas,0,16,16,90.975,2022,5,Miami Grand Prix,miami,Miami International Autodrome,25.9581,-80.2389,Miami,USA,2022-05-08,19:30:00Z,NA
vettel,aston_martin,0,0,17,90.214,2022,5,Miami Grand Prix,miami,Miami International Autodrome,25.9581,-80.2389,Miami,USA,2022-05-08,19:30:00Z,NA
gasly,alphatauri,0,7,18,89.69,2022,5,Miami Grand Prix,miami,Miami International Autodrome,25.9581,-80.2389,Miami,USA,2022-05-08,19:30:00Z,NA
norris,mclaren,0,8,19,89.634,2022,5,Miami Grand Prix,miami,Miami International Autodrome,25.9581,-80.2389,Miami,USA,2022-05-08,19:30:00Z,NA
zhou,alfa,0,17,20,91.02,2022,5,Miami Grand Prix,miami,Miami International Autodrome,25.9581,-80.2389,Miami,USA,2022-05-08,19:30:00Z,NA
max_verstappen,red_bull,25,2,1,79.07300000000001,2022,6,Spanish Grand Prix,catalunya,Circuit de Barcelona-Catalunya,41.57,2.26111,Barcelona,Spain,2022-05-22,13:00:00Z,NA
perez,red_bull,19,5,2,79.42,2022,6,Spanish Grand Prix,catalunya,Circuit de Barcelona-Catalunya,41.57,2.26111,Barcelona,Spain,2022-05-22,13:00:00Z,NA
russell,mercedes,15,4,3,79.393,2022,6,Spanish Grand Prix,catalunya,Circuit de Barcelona-Catalunya,41.57,2.26111,Barcelona,Spain,2022-05-22,13:00:00Z,NA
sainz,ferrari,12,3,4,79.166,2022,6,Spanish Grand Prix,catalunya,Circuit de Barcelona-Catalunya,41.57,2.26111,Barcelona,Spain,2022-05-22,13:00:00Z,NA
hamilton,mercedes,10,6,5,79.512,2022,6,Spanish Grand Prix,catalunya,Circuit de Barcelona-Catalunya,41.57,2.26111,Barcelona,Spain,2022-05-22,13:00:00Z,NA
bottas,alfa,8,7,6,79.608,2022,6,Spanish Grand Prix,catalunya,Circuit de Barcelona-Catalunya,41.57,2.26111,Barcelona,Spain,2022-05-22,13:00:00Z,NA
ocon,alpine,6,12,7,80.638,2022,6,Spanish Grand Prix,catalunya,Circuit de Barcelona-Catalunya,41.57,2.26111,Barcelona,Spain,2022-05-22,13:00:00Z,NA
norris,mclaren,4,11,8,80.471,2022,6,Spanish Grand Prix,catalunya,Circuit de Barcelona-Catalunya,41.57,2.26111,Barcelona,Spain,2022-05-22,13:00:00Z,NA
alonso,alpine,2,20,9,81.043,2022,6,Spanish Grand Prix,catalunya,Circuit de Barcelona-Catalunya,41.57,2.26111,Barcelona,Spain,2022-05-22,13:00:00Z,NA
tsunoda,alphatauri,1,13,10,80.639,2022,6,Spanish Grand Prix,catalunya,Circuit de Barcelona-Catalunya,41.57,2.26111,Barcelona,Spain,2022-05-22,13:00:00Z,NA
vettel,aston_martin,0,16,11,80.95400000000001,2022,6,Spanish Grand Prix,catalunya,Circuit de Barcelona-Catalunya,41.57,2.26111,Barcelona,Spain,2022-05-22,13:00:00Z,NA
ricciardo,mclaren,0,9,12,80.287,2022,6,Spanish Grand Prix,catalunya,Circuit de Barcelona-Catalunya,41.57,2.26111,Barcelona,Spain,2022-05-22,13:00:00Z,NA
gasly,alphatauri,0,14,13,80.719,2022,6,Spanish Grand Prix,catalunya,Circuit de Barcelona-Catalunya,41.57,2.26111,Barcelona,Spain,2022-05-22,13:00:00Z,NA
mick_schumacher,haas,0,10,14,80.368,2022,6,Spanish Grand Prix,catalunya,Circuit de Barcelona-Catalunya,41.57,2.26111,Barcelona,Spain,2022-05-22,13:00:00Z,NA
stroll,aston_martin,0,17,15,81.418,2022,6,Spanish Grand Prix,catalunya,Circuit de Barcelona-Catalunya,41.57,2.26111,Barcelona,Spain,2022-05-22,13:00:00Z,NA
latifi,williams,0,19,16,81.91499999999999,2022,6,Spanish Grand Prix,catalunya,Circuit de Barcelona-Catalunya,41.57,2.26111,Barcelona,Spain,2022-05-22,13:00:00Z,NA
kevin_magnussen,haas,0,8,17,79.682,2022,6,Spanish Grand Prix,catalunya,Circuit de Barcelona-Catalunya,41.57,2.26111,Barcelona,Spain,2022-05-22,13:00:00Z,NA
albon,williams,0,18,18,81.645,2022,6,Spanish Grand Prix,catalunya,Circuit de Barcelona-Catalunya,41.57,2.26111,Barcelona,Spain,2022-05-22,13:00:00Z,NA
zhou,alfa,0,15,19,80.476,2022,6,Spanish Grand Prix,catalunya,Circuit de Barcelona-Catalunya,41.57,2.26111,Barcelona,Spain,2022-05-22,13:00:00Z,NA
leclerc,ferrari,0,1,20,78.75,2022,6,Spanish Grand Prix,catalunya,Circuit de Barcelona-Catalunya,41.57,2.26111,Barcelona,Spain,2022-05-22,13:00:00Z,NA
perez,red_bull,25,3,1,71.629,2022,7,Monaco Grand Prix,monaco,Circuit de Monaco,43.7347,7.42056,Monte Carlo,Monaco,2022-05-29,13:00:00Z,NA
sainz,ferrari,18,2,2,71.601,2022,7,Monaco Grand Prix,monaco,Circuit de Monaco,43.7347,7.42056,Monte Carlo,Monaco,2022-05-29,13:00:00Z,NA
max_verstappen,red_bull,15,4,3,71.666,2022,7,Monaco Grand Prix,monaco,Circuit de Monaco,43.7347,7.42056,Monte Carlo,Monaco,2022-05-29,13:00:00Z,NA
leclerc,ferrari,12,1,4,71.376,2022,7,Monaco Grand Prix,monaco,Circuit de Monaco,43.7347,7.42056,Monte Carlo,Monaco,2022-05-29,13:00:00Z,NA
russell,mercedes,10,6,5,72.112,2022,7,Monaco Grand Prix,monaco,Circuit de Monaco,43.7347,7.42056,Monte Carlo,Monaco,2022-05-29,13:00:00Z,NA
norris,mclaren,9,5,6,71.849,2022,7,Monaco Grand Prix,monaco,Circuit de Monaco,43.7347,7.42056,Monte Carlo,Monaco,2022-05-29,13:00:00Z,NA
alonso,alpine,6,7,7,72.247,2022,7,Monaco Grand Prix,monaco,Circuit de Monaco,43.7347,7.42056,Monte Carlo,Monaco,2022-05-29,13:00:00Z,NA
hamilton,mercedes,4,8,8,72.56,2022,7,Monaco Grand Prix,monaco,Circuit de Monaco,43.7347,7.42056,Monte Carlo,Monaco,2022-05-29,13:00:00Z,NA
bottas,alfa,2,12,9,72.909,2022,7,Monaco Grand Prix,monaco,Circuit de Monaco,43.7347,7.42056,Monte Carlo,Monaco,2022-05-29,13:00:00Z,NA
vettel,aston_martin,1,9,10,72.613,2022,7,Monaco Grand Prix,monaco,Circuit de Monaco,43.7347,7.42056,Monte Carlo,Monaco,2022-05-29,13:00:00Z,NA
gasly,alphatauri,0,17,11,73.66,2022,7,Monaco Grand Prix,monaco,Circuit de Monaco,43.7347,7.42056,Monte Carlo,Monaco,2022-05-29,13:00:00Z,NA
ocon,alpine,0,10,12,72.528,2022,7,Monaco Grand Prix,monaco,Circuit de Monaco,43.7347,7.42056,Monte Carlo,Monaco,2022-05-29,13:00:00Z,NA
ricciardo,mclaren,0,14,13,72.964,2022,7,Monaco Grand Prix,monaco,Circuit de Monaco,43.7347,7.42056,Monte Carlo,Monaco,2022-05-29,13:00:00Z,NA
stroll,aston_martin,0,18,14,73.678,2022,7,Monaco Grand Prix,monaco,Circuit de Monaco,43.7347,7.42056,Monte Carlo,Monaco,2022-05-29,13:00:00Z,NA
latifi,williams,0,19,15,74.403,2022,7,Monaco Grand Prix,monaco,Circuit de Monaco,43.7347,7.42056,Monte Carlo,Monaco,2022-05-29,13:00:00Z,NA
zhou,alfa,0,20,16,75.606,2022,7,Monaco Grand Prix,monaco,Circuit de Monaco,43.7347,7.42056,Monte Carlo,Monaco,2022-05-29,13:00:00Z,NA
tsunoda,alphatauri,0,11,17,72.797,2022,7,Monaco Grand Prix,monaco,Circuit de Monaco,43.7347,7.42056,Monte Carlo,Monaco,2022-05-29,13:00:00Z,NA
albon,williams,0,16,18,73.611,2022,7,Monaco Grand Prix,monaco,Circuit de Monaco,43.7347,7.42056,Monte Carlo,Monaco,2022-05-29,13:00:00Z,NA
mick_schumacher,haas,0,15,19,73.081,2022,7,Monaco Grand Prix,monaco,Circuit de Monaco,43.7347,7.42056,Monte Carlo,Monaco,2022-05-29,13:00:00Z,NA
kevin_magnussen,haas,0,13,20,72.92099999999999,2022,7,Monaco Grand Prix,monaco,Circuit de Monaco,43.7347,7.42056,Monte Carlo,Monaco,2022-05-29,13:00:00Z,NA
max_verstappen,red_bull,25,3,1,101.706,2022,8,Azerbaijan Grand Prix,baku,Baku City Circuit,40.3725,49.8533,Baku,Azerbaijan,2022-06-12,11:00:00Z,NA
perez,red_bull,19,2,2,101.64099999999999,2022,8,Azerbaijan Grand Prix,baku,Baku City Circuit,40.3725,49.8533,Baku,Azerbaijan,2022-06-12,11:00:00Z,NA
russell,mercedes,15,5,3,102.712,2022,8,Azerbaijan Grand Prix,baku,Baku City Circuit,40.3725,49.8533,Baku,Azerbaijan,2022-06-12,11:00:00Z,NA
hamilton,mercedes,12,7,4,102.924,2022,8,Azerbaijan Grand Prix,baku,Baku City Circuit,40.3725,49.8533,Baku,Azerbaijan,2022-06-12,11:00:00Z,NA
gasly,alphatauri,10,6,5,102.845,2022,8,Azerbaijan Grand Prix,baku,Baku City Circuit,40.3725,49.8533,Baku,Azerbaijan,2022-06-12,11:00:00Z,NA
vettel,aston_martin,8,9,6,103.09100000000001,2022,8,Azerbaijan Grand Prix,baku,Baku City Circuit,40.3725,49.8533,Baku,Azerbaijan,2022-06-12,11:00:00Z,NA
alonso,alpine,6,10,7,103.173,2022,8,Azerbaijan Grand Prix,baku,Baku City Circuit,40.3725,49.8533,Baku,Azerbaijan,2022-06-12,11:00:00Z,NA
ricciardo,mclaren,4,12,8,103.574,2022,8,Azerbaijan Grand Prix,baku,Baku City Circuit,40.3725,49.8533,Baku,Azerbaijan,2022-06-12,11:00:00Z,NA
norris,mclaren,2,11,9,103.398,2022,8,Azerbaijan Grand Prix,baku,Baku City Circuit,40.3725,49.8533,Baku,Azerbaijan,2022-06-12,11:00:00Z,NA
ocon,alpine,1,13,10,103.58500000000001,2022,8,Azerbaijan Grand Prix,baku,Baku City Circuit,40.3725,49.8533,Baku,Azerbaijan,2022-06-12,11:00:00Z,NA
bottas,alfa,0,15,11,104.444,2022,8,Azerbaijan Grand Prix,baku,Baku City Circuit,40.3725,49.8533,Baku,Azerbaijan,2022-06-12,11:00:00Z,NA
albon,williams,0,17,12,104.719,2022,8,Azerbaijan Grand Prix,baku,Baku City Circuit,40.3725,49.8533,Baku,Azerbaijan,2022-06-12,11:00:00Z,NA
tsunoda,alphatauri,0,8,13,103.056,2022,8,Azerbaijan Grand Prix,baku,Baku City Circuit,40.3725,49.8533,Baku,Azerbaijan,2022-06-12,11:00:00Z,NA
mick_schumacher,haas,0,20,14,105.775,2022,8,Azerbaijan Grand Prix,baku,Baku City Circuit,40.3725,49.8533,Baku,Azerbaijan,2022-06-12,11:00:00Z,NA
latifi,williams,0,18,15,105.36699999999999,2022,8,Azerbaijan Grand Prix,baku,Baku City Circuit,40.3725,49.8533,Baku,Azerbaijan,2022-06-12,11:00:00Z,NA
stroll,aston_martin,0,19,16,105.37100000000001,2022,8,Azerbaijan Grand Prix,baku,Baku City Circuit,40.3725,49.8533,Baku,Azerbaijan,2022-06-12,11:00:00Z,NA
kevin_magnussen,haas,0,16,17,104.643,2022,8,Azerbaijan Grand Prix,baku,Baku City Circuit,40.3725,49.8533,Baku,Azerbaijan,2022-06-12,11:00:00Z,NA
zhou,alfa,0,14,18,103.777,2022,8,Azerbaijan Grand Prix,baku,Baku City Circuit,40.3725,49.8533,Baku,Azerbaijan,2022-06-12,11:00:00Z,NA
leclerc,ferrari,0,1,19,101.35900000000001,2022,8,Azerbaijan Grand Prix,baku,Baku City Circuit,40.3725,49.8533,Baku,Azerbaijan,2022-06-12,11:00:00Z,NA
sainz,ferrari,0,4,20,101.814,2022,8,Azerbaijan Grand Prix,baku,Baku City Circuit,40.3725,49.8533,Baku,Azerbaijan,2022-06-12,11:00:00Z,NA
max_verstappen,red_bull,25,1,1,81.299,2022,9,Canadian Grand Prix,villeneuve,Circuit Gilles Villeneuve,45.5,-73.5228,Montreal,Canada,2022-06-19,18:00:00Z,NA
sainz,ferrari,19,3,2,82.096,2022,9,Canadian Grand Prix,villeneuve,Circuit Gilles Villeneuve,45.5,-73.5228,Montreal,Canada,2022-06-19,18:00:00Z,NA
hamilton,mercedes,15,4,3,82.89099999999999,2022,9,Canadian Grand Prix,villeneuve,Circuit Gilles Villeneuve,45.5,-73.5228,Montreal,Canada,2022-06-19,18:00:00Z,NA
russell,mercedes,12,8,4,83.557,2022,9,Canadian Grand Prix,villeneuve,Circuit Gilles Villeneuve,45.5,-73.5228,Montreal,Canada,2022-06-19,18:00:00Z,NA
leclerc,ferrari,10,19,5,93.00800000000001,2022,9,Canadian Grand Prix,villeneuve,Circuit Gilles Villeneuve,45.5,-73.5228,Montreal,Canada,2022-06-19,18:00:00Z,NA
ocon,alpine,8,7,6,83.529,2022,9,Canadian Grand Prix,villeneuve,Circuit Gilles Villeneuve,45.5,-73.5228,Montreal,Canada,2022-06-19,18:00:00Z,NA
bottas,alfa,6,11,7,86.788,2022,9,Canadian Grand Prix,villeneuve,Circuit Gilles Villeneuve,45.5,-73.5228,Montreal,Canada,2022-06-19,18:00:00Z,NA
zhou,alfa,4,10,8,84.03,2022,9,Canadian Grand Prix,villeneuve,Circuit Gilles Villeneuve,45.5,-73.5228,Montreal,Canada,2022-06-19,18:00:00Z,NA
alonso,alpine,2,2,9,81.944,2022,9,Canadian Grand Prix,villeneuve,Circuit Gilles Villeneuve,45.5,-73.5228,Montreal,Canada,2022-06-19,18:00:00Z,NA
stroll,aston_martin,1,17,10,95.532,2022,9,Canadian Grand Prix,villeneuve,Circuit Gilles Villeneuve,45.5,-73.5228,Montreal,Canada,2022-06-19,18:00:00Z,NA
ricciardo,mclaren,0,9,11,83.749,2022,9,Canadian Grand Prix,villeneuve,Circuit Gilles Villeneuve,45.5,-73.5228,Montreal,Canada,2022-06-19,18:00:00Z,NA
vettel,aston_martin,0,16,12,94.512,2022,9,Canadian Grand Prix,villeneuve,Circuit Gilles Villeneuve,45.5,-73.5228,Montreal,Canada,2022-06-19,18:00:00Z,NA
albon,williams,0,12,13,86.858,2022,9,Canadian Grand Prix,villeneuve,Circuit Gilles Villeneuve,45.5,-73.5228,Montreal,Canada,2022-06-19,18:00:00Z,NA
gasly,alphatauri,0,15,14,94.49199999999999,2022,9,Canadian Grand Prix,villeneuve,Circuit Gilles Villeneuve,45.5,-73.5228,Montreal,Canada,2022-06-19,18:00:00Z,NA
norris,mclaren,0,14,15,94.066,2022,9,Canadian Grand Prix,villeneuve,Circuit Gilles Villeneuve,45.5,-73.5228,Montreal,Canada,2022-06-19,18:00:00Z,NA
latifi,williams,0,18,16,95.66,2022,9,Canadian Grand Prix,villeneuve,Circuit Gilles Villeneuve,45.5,-73.5228,Montreal,Canada,2022-06-19,18:00:00Z,NA
kevin_magnussen,haas,0,5,17,82.96000000000001,2022,9,Canadian Grand Prix,villeneuve,Circuit Gilles Villeneuve,45.5,-73.5228,Montreal,Canada,2022-06-19,18:00:00Z,NA
tsunoda,alphatauri,0,20,18,96.575,2022,9,Canadian Grand Prix,villeneuve,Circuit Gilles Villeneuve,45.5,-73.5228,Montreal,Canada,2022-06-19,18:00:00Z,NA
mick_schumacher,haas,0,6,19,83.356,2022,9,Canadian Grand Prix,villeneuve,Circuit Gilles Villeneuve,45.5,-73.5228,Montreal,Canada,2022-06-19,18:00:00Z,NA
perez,red_bull,0,13,20,93.12700000000001,2022,9,Canadian Grand Prix,villeneuve,Circuit Gilles Villeneuve,45.5,-73.5228,Montreal,Canada,2022-06-19,18:00:00Z,NA
sainz,ferrari,25,1,1,100.19,2022,10,British Grand Prix,silverstone,Silverstone Circuit,52.0786,-1.01694,Silverstone,UK,2022-07-03,14:00:00Z,NA
perez,red_bull,18,4,2,100.521,2022,10,British Grand Prix,silverstone,Silverstone Circuit,52.0786,-1.01694,Silverstone,UK,2022-07-03,14:00:00Z,NA
hamilton,mercedes,16,5,3,100.428,2022,10,British Grand Prix,silverstone,Silverstone Circuit,52.0786,-1.01694,Silverstone,UK,2022-07-03,14:00:00Z,NA
leclerc,ferrari,12,3,4,99.846,2022,10,British Grand Prix,silverstone,Silverstone Circuit,52.0786,-1.01694,Silverstone,UK,2022-07-03,14:00:00Z,NA
alonso,alpine,10,7,5,101.598,2022,10,British Grand Prix,silverstone,Silverstone Circuit,52.0786,-1.01694,Silverstone,UK,2022-07-03,14:00:00Z,NA
norris,mclaren,8,6,6,101.515,2022,10,British Grand Prix,silverstone,Silverstone Circuit,52.0786,-1.01694,Silverstone,UK,2022-07-03,14:00:00Z,NA
max_verstappen,red_bull,6,2,7,99.12899999999999,2022,10,British Grand Prix,silverstone,Silverstone Circuit,52.0786,-1.01694,Silverstone,UK,2022-07-03,14:00:00Z,NA
mick_schumacher,haas,4,19,8,102.708,2022,10,British Grand Prix,silverstone,Silverstone Circuit,52.0786,-1.01694,Silverstone,UK,2022-07-03,14:00:00Z,NA
vettel,aston_martin,2,18,9,102.666,2022,10,British Grand Prix,silverstone,Silverstone Circuit,52.0786,-1.01694,Silverstone,UK,2022-07-03,14:00:00Z,NA
kevin_magnussen,haas,1,17,10,102.15899999999999,2022,10,British Grand Prix,silverstone,Silverstone Circuit,52.0786,-1.01694,Silverstone,UK,2022-07-03,14:00:00Z,NA
stroll,aston_martin,0,20,11,103.43,2022,10,British Grand Prix,silverstone,Silverstone Circuit,52.0786,-1.01694,Silverstone,UK,2022-07-03,14:00:00Z,NA
latifi,williams,0,10,12,101.99799999999999,2022,10,British Grand Prix,silverstone,Silverstone Circuit,52.0786,-1.01694,Silverstone,UK,2022-07-03,14:00:00Z,NA
ricciardo,mclaren,0,14,13,101.93299999999999,2022,10,British Grand Prix,silverstone,Silverstone Circuit,52.0786,-1.01694,Silverstone,UK,2022-07-03,14:00:00Z,NA
tsunoda,alphatauri,0,13,14,101.893,2022,10,British Grand Prix,silverstone,Silverstone Circuit,52.0786,-1.01694,Silverstone,UK,2022-07-03,14:00:00Z,NA
ocon,alpine,0,15,15,101.72999999999999,2022,10,British Grand Prix,silverstone,Silverstone Circuit,52.0786,-1.01694,Silverstone,UK,2022-07-03,14:00:00Z,NA
gasly,alphatauri,0,11,16,101.68,2022,10,British Grand Prix,silverstone,Silverstone Circuit,52.0786,-1.01694,Silverstone,UK,2022-07-03,14:00:00Z,NA
bottas,alfa,0,12,17,101.396,2022,10,British Grand Prix,silverstone,Silverstone Circuit,52.0786,-1.01694,Silverstone,UK,2022-07-03,14:00:00Z,NA
russell,mercedes,0,8,18,100.02799999999999,2022,10,British Grand Prix,silverstone,Silverstone Circuit,52.0786,-1.01694,Silverstone,UK,2022-07-03,14:00:00Z,NA
zhou,alfa,0,9,19,100.791,2022,10,British Grand Prix,silverstone,Silverstone Circuit,52.0786,-1.01694,Silverstone,UK,2022-07-03,14:00:00Z,NA
albon,williams,0,16,20,102.078,2022,10,British Grand Prix,silverstone,Silverstone Circuit,52.0786,-1.01694,Silverstone,UK,2022-07-03,14:00:00Z,NA
leclerc,ferrari,25,2,1,65.013,2022,11,Austrian Grand Prix,red_bull_ring,Red Bull Ring,47.2197,14.7647,Spielberg,Austria,2022-07-10,13:00:00Z,2022-07-09
max_verstappen,red_bull,19,1,2,64.984,2022,11,Austrian Grand Prix,red_bull_ring,Red Bull Ring,47.2197,14.7647,Spielberg,Austria,2022-07-10,13:00:00Z,2022-07-09
hamilton,mercedes,15,8,3,65.475,2022,11,Austrian Grand Prix,red_bull_ring,Red Bull Ring,47.2197,14.7647,Spielberg,Austria,2022-07-10,13:00:00Z,2022-07-09
russell,mercedes,12,4,4,65.431,2022,11,Austrian Grand Prix,red_bull_ring,Red Bull Ring,47.2197,14.7647,Spielberg,Austria,2022-07-10,13:00:00Z,2022-07-09
ocon,alpine,10,6,5,65.726,2022,11,Austrian Grand Prix,red_bull_ring,Red Bull Ring,47.2197,14.7647,Spielberg,Austria,2022-07-10,13:00:00Z,2022-07-09
mick_schumacher,haas,8,9,6,66.011,2022,11,Austrian Grand Prix,red_bull_ring,Red Bull Ring,47.2197,14.7647,Spielberg,Austria,2022-07-10,13:00:00Z,2022-07-09
norris,mclaren,6,10,7,66.33,2022,11,Austrian Grand Prix,red_bull_ring,Red Bull Ring,47.2197,14.7647,Spielberg,Austria,2022-07-10,13:00:00Z,2022-07-09
kevin_magnussen,haas,4,7,8,65.879,2022,11,Austrian Grand Prix,red_bull_ring,Red Bull Ring,47.2197,14.7647,Spielberg,Austria,2022-07-10,13:00:00Z,2022-07-09
ricciardo,mclaren,2,11,9,66.613,2022,11,Austrian Grand Prix,red_bull_ring,Red Bull Ring,47.2197,14.7647,Spielberg,Austria,2022-07-10,13:00:00Z,2022-07-09
alonso,alpine,1,19,10,66.016,2022,11,Austrian Grand Prix,red_bull_ring,Red Bull Ring,47.2197,14.7647,Spielberg,Austria,2022-07-10,13:00:00Z,2022-07-09
bottas,alfa,0,0,11,66.319,2022,11,Austrian Grand Prix,red_bull_ring,Red Bull Ring,47.2197,14.7647,Spielberg,Austria,2022-07-10,13:00:00Z,2022-07-09
albon,williams,0,15,12,66.23,2022,11,Austrian Grand Prix,red_bull_ring,Red Bull Ring,47.2197,14.7647,Spielberg,Austria,2022-07-10,13:00:00Z,2022-07-09
stroll,aston_martin,0,12,13,66.847,2022,11,Austrian Grand Prix,red_bull_ring,Red Bull Ring,47.2197,14.7647,Spielberg,Austria,2022-07-10,13:00:00Z,2022-07-09
zhou,alfa,0,13,14,66.901,2022,11,Austrian Grand Prix,red_bull_ring,Red Bull Ring,47.2197,14.7647,Spielberg,Austria,2022-07-10,13:00:00Z,2022-07-09
gasly,alphatauri,0,14,15,66.16,2022,11,Austrian Grand Prix,red_bull_ring,Red Bull Ring,47.2197,14.7647,Spielberg,Austria,2022-07-10,13:00:00Z,2022-07-09
tsunoda,alphatauri,0,16,16,66.463,2022,11,Austrian Grand Prix,red_bull_ring,Red Bull Ring,47.2197,14.7647,Spielberg,Austria,2022-07-10,13:00:00Z,2022-07-09
vettel,aston_martin,0,18,17,67.083,2022,11,Austrian Grand Prix,red_bull_ring,Red Bull Ring,47.2197,14.7647,Spielberg,Austria,2022-07-10,13:00:00Z,2022-07-09
sainz,ferrari,0,3,18,65.066,2022,11,Austrian Grand Prix,red_bull_ring,Red Bull Ring,47.2197,14.7647,Spielberg,Austria,2022-07-10,13:00:00Z,2022-07-09
latifi,williams,0,17,19,67.003,2022,11,Austrian Grand Prix,red_bull_ring,Red Bull Ring,47.2197,14.7647,Spielberg,Austria,2022-07-10,13:00:00Z,2022-07-09
perez,red_bull,0,5,20,66.143,2022,11,Austrian Grand Prix,red_bull_ring,Red Bull Ring,47.2197,14.7647,Spielberg,Austria,2022-07-10,13:00:00Z,2022-07-09
max_verstappen,red_bull,25,2,1,91.176,2022,12,French Grand Prix,ricard,Circuit Paul Ricard,43.2506,5.79167,Le Castellet,France,2022-07-24,13:00:00Z,NA
hamilton,mercedes,18,4,2,91.765,2022,12,French Grand Prix,ricard,Circuit Paul Ricard,43.2506,5.79167,Le Castellet,France,2022-07-24,13:00:00Z,NA
russell,mercedes,15,6,3,92.131,2022,12,French Grand Prix,ricard,Circuit Paul Ricard,43.2506,5.79167,Le Castellet,France,2022-07-24,13:00:00Z,NA
perez,red_bull,12,3,4,91.33500000000001,2022,12,French Grand Prix,ricard,Circuit Paul Ricard,43.2506,5.79167,Le Castellet,France,2022-07-24,13:00:00Z,NA
sainz,ferrari,11,19,5,91.081,2022,12,French Grand Prix,ricard,Circuit Paul Ricard,43.2506,5.79167,Le Castellet,France,2022-07-24,13:00:00Z,NA
alonso,alpine,8,7,6,92.55199999999999,2022,12,French Grand Prix,ricard,Circuit Paul Ricard,43.2506,5.79167,Le Castellet,France,2022-07-24,13:00:00Z,NA
norris,mclaren,6,5,7,92.032,2022,12,French Grand Prix,ricard,Circuit Paul Ricard,43.2506,5.79167,Le Castellet,France,2022-07-24,13:00:00Z,NA
ocon,alpine,4,10,8,93.048,2022,12,French Grand Prix,ricard,Circuit Paul Ricard,43.2506,5.79167,Le Castellet,France,2022-07-24,13:00:00Z,NA
ricciardo,mclaren,2,9,9,92.922,2022,12,French Grand Prix,ricard,Circuit Paul Ricard,43.2506,5.79167,Le Castellet,France,2022-07-24,13:00:00Z,NA
stroll,aston_martin,1,15,10,93.439,2022,12,French Grand Prix,ricard,Circuit Paul Ricard,43.2506,5.79167,Le Castellet,France,2022-07-24,13:00:00Z,NA
vettel,aston_martin,0,12,11,93.27600000000001,2022,12,French Grand Prix,ricard,Circuit Paul Ricard,43.2506,5.79167,Le Castellet,France,2022-07-24,13:00:00Z,NA
gasly,alphatauri,0,14,12,93.439,2022,12,French Grand Prix,ricard,Circuit Paul Ricard,43.2506,5.79167,Le Castellet,France,2022-07-24,13:00:00Z,NA
albon,williams,0,13,13,93.307,2022,12,French Grand Prix,ricard,Circuit Paul Ricard,43.2506,5.79167,Le Castellet,France,2022-07-24,13:00:00Z,NA
bottas,alfa,0,11,14,93.03399999999999,2022,12,French Grand Prix,ricard,Circuit Paul Ricard,43.2506,5.79167,Le Castellet,France,2022-07-24,13:00:00Z,NA
mick_schumacher,haas,0,17,15,93.701,2022,12,French Grand Prix,ricard,Circuit Paul Ricard,43.2506,5.79167,Le Castellet,France,2022-07-24,13:00:00Z,NA
zhou,alfa,0,16,16,93.674,2022,12,French Grand Prix,ricard,Circuit Paul Ricard,43.2506,5.79167,Le Castellet,France,2022-07-24,13:00:00Z,NA
latifi,williams,0,18,17,93.794,2022,12,French Grand Prix,ricard,Circuit Paul Ricard,43.2506,5.79167,Le Castellet,France,2022-07-24,13:00:00Z,NA
kevin_magnussen,haas,0,20,18,92.649,2022,12,French Grand Prix,ricard,Circuit Paul Ricard,43.2506,5.79167,Le Castellet,France,2022-07-24,13:00:00Z,NA
leclerc,ferrari,0,1,19,90.872,2022,12,French Grand Prix,ricard,Circuit Paul Ricard,43.2506,5.79167,Le Castellet,France,2022-07-24,13:00:00Z,NA
tsunoda,alphatauri,0,8,20,92.78,2022,12,French Grand Prix,ricard,Circuit Paul Ricard,43.2506,5.79167,Le Castellet,France,2022-07-24,13:00:00Z,NA
max_verstappen,red_bull,25,10,1,77.703,2022,13,Hungarian Grand Prix,hungaroring,Hungaroring,47.5789,19.2486,Budapest,Hungary,2022-07-31,13:00:00Z,NA
hamilton,mercedes,19,7,2,78.035,2022,13,Hungarian Grand Prix,hungaroring,Hungaroring,47.5789,19.2486,Budapest,Hungary,2022-07-31,13:00:00Z,NA
russell,mercedes,15,1,3,77.377,2022,13,Hungarian Grand Prix,hungaroring,Hungaroring,47.5789,19.2486,Budapest,Hungary,2022-07-31,13:00:00Z,NA
sainz,ferrari,12,2,4,77.42099999999999,2022,13,Hungarian Grand Prix,hungaroring,Hungaroring,47.5789,19.2486,Budapest,Hungary,2022-07-31,13:00:00Z,NA
perez,red_bull,10,11,5,78.51599999999999,2022,13,Hungarian Grand Prix,hungaroring,Hungaroring,47.5789,19.2486,Budapest,Hungary,2022-07-31,13:00:00Z,NA
leclerc,ferrari,8,3,6,77.56700000000001,2022,13,Hungarian Grand Prix,hungaroring,Hungaroring,47.5789,19.2486,Budapest,Hungary,2022-07-31,13:00:00Z,NA
norris,mclaren,6,4,7,77.769,2022,13,Hungarian Grand Prix,hungaroring,Hungaroring,47.5789,19.2486,Budapest,Hungary,2022-07-31,13:00:00Z,NA
alonso,alpine,4,6,8,77.904,2022,13,Hungarian Grand Prix,hungaroring,Hungaroring,47.5789,19.2486,Budapest,Hungary,2022-07-31,13:00:00Z,NA
ocon,alpine,2,5,9,78.018,2022,13,Hungarian Grand Prix,hungaroring,Hungaroring,47.5789,19.2486,Budapest,Hungary,2022-07-31,13:00:00Z,NA
vettel,aston_martin,1,18,10,79.273,2022,13,Hungarian Grand Prix,hungaroring,Hungaroring,47.5789,19.2486,Budapest,Hungary,2022-07-31,13:00:00Z,NA
stroll,aston_martin,0,14,11,79.137,2022,13,Hungarian Grand Prix,hungaroring,Hungaroring,47.5789,19.2486,Budapest,Hungary,2022-07-31,13:00:00Z,NA
gasly,alphatauri,0,0,12,79.527,2022,13,Hungarian Grand Prix,hungaroring,Hungaroring,47.5789,19.2486,Budapest,Hungary,2022-07-31,13:00:00Z,NA
zhou,alfa,0,12,13,78.57300000000001,2022,13,Hungarian Grand Prix,hungaroring,Hungaroring,47.5789,19.2486,Budapest,Hungary,2022-07-31,13:00:00Z,NA
mick_schumacher,haas,0,15,14,79.164,2022,13,Hungarian Grand Prix,hungaroring,Hungaroring,47.5789,19.2486,Budapest,Hungary,2022-07-31,13:00:00Z,NA
ricciardo,mclaren,0,9,15,78.19800000000001,2022,13,Hungarian Grand Prix,hungaroring,Hungaroring,47.5789,19.2486,Budapest,Hungary,2022-07-31,13:00:00Z,NA
kevin_magnussen,haas,0,13,16,78.825,2022,13,Hungarian Grand Prix,hungaroring,Hungaroring,47.5789,19.2486,Budapest,Hungary,2022-07-31,13:00:00Z,NA
albon,williams,0,17,17,79.256,2022,13,Hungarian Grand Prix,hungaroring,Hungaroring,47.5789,19.2486,Budapest,Hungary,2022-07-31,13:00:00Z,NA
latifi,williams,0,19,18,79.57,2022,13,Hungarian Grand Prix,hungaroring,Hungaroring,47.5789,19.2486,Budapest,Hungary,2022-07-31,13:00:00Z,NA
tsunoda,alphatauri,0,16,19,79.24,2022,13,Hungarian Grand Prix,hungaroring,Hungaroring,47.5789,19.2486,Budapest,Hungary,2022-07-31,13:00:00Z,NA
bottas,alfa,0,8,20,78.157,2022,13,Hungarian Grand Prix,hungaroring,Hungaroring,47.5789,19.2486,Budapest,Hungary,2022-07-31,13:00:00Z,NA
max_verstappen,red_bull,26,14,1,103.66499999999999,2022,14,Belgian Grand Prix,spa,Circuit de Spa-Francorchamps,50.4372,5.97139,Spa,Belgium,2022-08-28,13:00:00Z,NA
perez,red_bull,18,2,2,104.462,2022,14,Belgian Grand Prix,spa,Circuit de Spa-Francorchamps,50.4372,5.97139,Spa,Belgium,2022-08-28,13:00:00Z,NA
sainz,ferrari,15,1,3,104.297,2022,14,Belgian Grand Prix,spa,Circuit de Spa-Francorchamps,50.4372,5.97139,Spa,Belgium,2022-08-28,13:00:00Z,NA
russell,mercedes,12,5,4,105.461,2022,14,Belgian Grand Prix,spa,Circuit de Spa-Francorchamps,50.4372,5.97139,Spa,Belgium,2022-08-28,13:00:00Z,NA
alonso,alpine,10,3,5,105.368,2022,14,Belgian Grand Prix,spa,Circuit de Spa-Francorchamps,50.4372,5.97139,Spa,Belgium,2022-08-28,13:00:00Z,NA
leclerc,ferrari,8,15,6,104.551,2022,14,Belgian Grand Prix,spa,Circuit de Spa-Francorchamps,50.4372,5.97139,Spa,Belgium,2022-08-28,13:00:00Z,NA
ocon,alpine,6,16,7,105.18,2022,14,Belgian Grand Prix,spa,Circuit de Spa-Francorchamps,50.4372,5.97139,Spa,Belgium,2022-08-28,13:00:00Z,NA
vettel,aston_martin,4,10,8,106.344,2022,14,Belgian Grand Prix,spa,Circuit de Spa-Francorchamps,50.4372,5.97139,Spa,Belgium,2022-08-28,13:00:00Z,NA
gasly,alphatauri,2,0,9,105.827,2022,14,Belgian Grand Prix,spa,Circuit de Spa-Francorchamps,50.4372,5.97139,Spa,Belgium,2022-08-28,13:00:00Z,NA
albon,williams,1,6,10,105.672,2022,14,Belgian Grand Prix,spa,Circuit de Spa-Francorchamps,50.4372,5.97139,Spa,Belgium,2022-08-28,13:00:00Z,NA
stroll,aston_martin,0,9,11,106.256,2022,14,Belgian Grand Prix,spa,Circuit de Spa-Francorchamps,50.4372,5.97139,Spa,Belgium,2022-08-28,13:00:00Z,NA
norris,mclaren,0,17,12,105.60300000000001,2022,14,Belgian Grand Prix,spa,Circuit de Spa-Francorchamps,50.4372,5.97139,Spa,Belgium,2022-08-28,13:00:00Z,NA
tsunoda,alphatauri,0,0,13,106.69200000000001,2022,14,Belgian Grand Prix,spa,Circuit de Spa-Francorchamps,50.4372,5.97139,Spa,Belgium,2022-08-28,13:00:00Z,NA
zhou,alfa,0,18,14,106.08500000000001,2022,14,Belgian Grand Prix,spa,Circuit de Spa-Francorchamps,50.4372,5.97139,Spa,Belgium,2022-08-28,13:00:00Z,NA
ricciardo,mclaren,0,7,15,105.767,2022,14,Belgian Grand Prix,spa,Circuit de Spa-Francorchamps,50.4372,5.97139,Spa,Belgium,2022-08-28,13:00:00Z,NA
kevin_magnussen,haas,0,12,16,106.557,2022,14,Belgian Grand Prix,spa,Circuit de Spa-Francorchamps,50.4372,5.97139,Spa,Belgium,2022-08-28,13:00:00Z,NA
mick_schumacher,haas,0,19,17,106.342,2022,14,Belgian Grand Prix,spa,Circuit de Spa-Francorchamps,50.4372,5.97139,Spa,Belgium,2022-08-28,13:00:00Z,NA
latifi,williams,0,11,18,106.40100000000001,2022,14,Belgian Grand Prix,spa,Circuit de Spa-Francorchamps,50.4372,5.97139,Spa,Belgium,2022-08-28,13:00:00Z,NA
bottas,alfa,0,13,19,107.866,2022,14,Belgian Grand Prix,spa,Circuit de Spa-Francorchamps,50.4372,5.97139,Spa,Belgium,2022-08-28,13:00:00Z,NA
hamilton,mercedes,0,4,20,105.42,2022,14,Belgian Grand Prix,spa,Circuit de Spa-Francorchamps,50.4372,5.97139,Spa,Belgium,2022-08-28,13:00:00Z,NA
max_verstappen,red_bull,26,1,1,70.342,2022,15,Dutch Grand Prix,zandvoort,Circuit Park Zandvoort,52.3888,4.54092,Zandvoort,Netherlands,2022-09-04,13:00:00Z,NA
russell,mercedes,18,6,2,70.824,2022,15,Dutch Grand Prix,zandvoort,Circuit Park Zandvoort,52.3888,4.54092,Zandvoort,Netherlands,2022-09-04,13:00:00Z,NA
leclerc,ferrari,15,2,3,70.363,2022,15,Dutch Grand Prix,zandvoort,Circuit Park Zandvoort,52.3888,4.54092,Zandvoort,Netherlands,2022-09-04,13:00:00Z,NA
hamilton,mercedes,12,4,4,70.648,2022,15,Dutch Grand Prix,zandvoort,Circuit Park Zandvoort,52.3888,4.54092,Zandvoort,Netherlands,2022-09-04,13:00:00Z,NA
perez,red_bull,10,5,5,71.077,2022,15,Dutch Grand Prix,zandvoort,Circuit Park Zandvoort,52.3888,4.54092,Zandvoort,Netherlands,2022-09-04,13:00:00Z,NA
alonso,alpine,8,13,6,71.613,2022,15,Dutch Grand Prix,zandvoort,Circuit Park Zandvoort,52.3888,4.54092,Zandvoort,Netherlands,2022-09-04,13:00:00Z,NA
norris,mclaren,6,7,7,71.116,2022,15,Dutch Grand Prix,zandvoort,Circuit Park Zandvoort,52.3888,4.54092,Zandvoort,Netherlands,2022-09-04,13:00:00Z,NA
sainz,ferrari,4,3,8,70.434,2022,15,Dutch Grand Prix,zandvoort,Circuit Park Zandvoort,52.3888,4.54092,Zandvoort,Netherlands,2022-09-04,13:00:00Z,NA
ocon,alpine,2,12,9,71.605,2022,15,Dutch Grand Prix,zandvoort,Circuit Park Zandvoort,52.3888,4.54092,Zandvoort,Netherlands,2022-09-04,13:00:00Z,NA
stroll,aston_martin,1,10,10,71.416,2022,15,Dutch Grand Prix,zandvoort,Circuit Park Zandvoort,52.3888,4.54092,Zandvoort,Netherlands,2022-09-04,13:00:00Z,NA
gasly,alphatauri,0,11,11,71.512,2022,15,Dutch Grand Prix,zandvoort,Circuit Park Zandvoort,52.3888,4.54092,Zandvoort,Netherlands,2022-09-04,13:00:00Z,NA
albon,williams,0,15,12,71.695,2022,15,Dutch Grand Prix,zandvoort,Circuit Park Zandvoort,52.3888,4.54092,Zandvoort,Netherlands,2022-09-04,13:00:00Z,NA
mick_schumacher,haas,0,8,13,71.42,2022,15,Dutch Grand Prix,zandvoort,Circuit Park Zandvoort,52.3888,4.54092,Zandvoort,Netherlands,2022-09-04,13:00:00Z,NA
vettel,aston_martin,0,19,14,72.391,2022,15,Dutch Grand Prix,zandvoort,Circuit Park Zandvoort,52.3888,4.54092,Zandvoort,Netherlands,2022-09-04,13:00:00Z,NA
kevin_magnussen,haas,0,18,15,72.319,2022,15,Dutch Grand Prix,zandvoort,Circuit Park Zandvoort,52.3888,4.54092,Zandvoort,Netherlands,2022-09-04,13:00:00Z,NA
zhou,alfa,0,14,16,71.70400000000001,2022,15,Dutch Grand Prix,zandvoort,Circuit Park Zandvoort,52.3888,4.54092,Zandvoort,Netherlands,2022-09-04,13:00:00Z,NA
ricciardo,mclaren,0,17,17,72.081,2022,15,Dutch Grand Prix,zandvoort,Circuit Park Zandvoort,52.3888,4.54092,Zandvoort,Netherlands,2022-09-04,13:00:00Z,NA
latifi,williams,0,20,18,73.353,2022,15,Dutch Grand Prix,zandvoort,Circuit Park Zandvoort,52.3888,4.54092,Zandvoort,Netherlands,2022-09-04,13:00:00Z,NA
bottas,alfa,0,16,19,71.961,2022,15,Dutch Grand Prix,zandvoort,Circuit Park Zandvoort,52.3888,4.54092,Zandvoort,Netherlands,2022-09-04,13:00:00Z,NA
tsunoda,alphatauri,0,9,20,71.42699999999999,2022,15,Dutch Grand Prix,zandvoort,Circuit Park Zandvoort,52.3888,4.54092,Zandvoort,Netherlands,2022-09-04,13:00:00Z,NA
max_verstappen,red_bull,25,7,1,80.306,2022,16,Italian Grand Prix,monza,Autodromo Nazionale di Monza,45.6156,9.28111,Monza,Italy,2022-09-11,13:00:00Z,NA
leclerc,ferrari,18,1,2,80.161,2022,16,Italian Grand Prix,monza,Autodromo Nazionale di Monza,45.6156,9.28111,Monza,Italy,2022-09-11,13:00:00Z,NA
russell,mercedes,15,2,3,81.542,2022,16,Italian Grand Prix,monza,Autodromo Nazionale di Monza,45.6156,9.28111,Monza,Italy,2022-09-11,13:00:00Z,NA
sainz,ferrari,12,18,4,80.429,2022,16,Italian Grand Prix,monza,Autodromo Nazionale di Monza,45.6156,9.28111,Monza,Italy,2022-09-11,13:00:00Z,NA
hamilton,mercedes,10,19,5,81.524,2022,16,Italian Grand Prix,monza,Autodromo Nazionale di Monza,45.6156,9.28111,Monza,Italy,2022-09-11,13:00:00Z,NA
perez,red_bull,9,13,6,81.206,2022,16,Italian Grand Prix,monza,Autodromo Nazionale di Monza,45.6156,9.28111,Monza,Italy,2022-09-11,13:00:00Z,NA
norris,mclaren,6,3,7,81.584,2022,16,Italian Grand Prix,monza,Autodromo Nazionale di Monza,45.6156,9.28111,Monza,Italy,2022-09-11,13:00:00Z,NA
gasly,alphatauri,4,5,8,82.01,2022,16,Italian Grand Prix,monza,Autodromo Nazionale di Monza,45.6156,9.28111,Monza,Italy,2022-09-11,13:00:00Z,NA
de_vries,williams,2,8,9,82.471,2022,16,Italian Grand Prix,monza,Autodromo Nazionale di Monza,45.6156,9.28111,Monza,Italy,2022-09-11,13:00:00Z,NA
zhou,alfa,1,9,10,82.003,2022,16,Italian Grand Prix,monza,Autodromo Nazionale di Monza,45.6156,9.28111,Monza,Italy,2022-09-11,13:00:00Z,NA
ocon,alpine,0,14,11,82.13,2022,16,Italian Grand Prix,monza,Autodromo Nazionale di Monza,45.6156,9.28111,Monza,Italy,2022-09-11,13:00:00Z,NA
mick_schumacher,haas,0,17,12,83.005,2022,16,Italian Grand Prix,monza,Autodromo Nazionale di Monza,45.6156,9.28111,Monza,Italy,2022-09-11,13:00:00Z,NA
bottas,alfa,0,15,13,82.235,2022,16,Italian Grand Prix,monza,Autodromo Nazionale di Monza,45.6156,9.28111,Monza,Italy,2022-09-11,13:00:00Z,NA
tsunoda,alphatauri,0,20,14,82.02,2022,16,Italian Grand Prix,monza,Autodromo Nazionale di Monza,45.6156,9.28111,Monza,Italy,2022-09-11,13:00:00Z,NA
latifi,williams,0,10,15,82.587,2022,16,Italian Grand Prix,monza,Autodromo Nazionale di Monza,45.6156,9.28111,Monza,Italy,2022-09-11,13:00:00Z,NA
kevin_magnussen,haas,0,16,16,82.908,2022,16,Italian Grand Prix,monza,Autodromo Nazionale di Monza,45.6156,9.28111,Monza,Italy,2022-09-11,13:00:00Z,NA
ricciardo,mclaren,0,4,17,81.855,2022,16,Italian Grand Prix,monza,Autodromo Nazionale di Monza,45.6156,9.28111,Monza,Italy,2022-09-11,13:00:00Z,NA
stroll,aston_martin,0,12,18,82.748,2022,16,Italian Grand Prix,monza,Autodromo Nazionale di Monza,45.6156,9.28111,Monza,Italy,2022-09-11,13:00:00Z,NA
alonso,alpine,0,6,19,81.861,2022,16,Italian Grand Prix,monza,Autodromo Nazionale di Monza,45.6156,9.28111,Monza,Italy,2022-09-11,13:00:00Z,NA
vettel,aston_martin,0,11,20,82.636,2022,16,Italian Grand Prix,monza,Autodromo Nazionale di Monza,45.6156,9.28111,Monza,Italy,2022-09-11,13:00:00Z,NA
perez,red_bull,25,2,1,109.434,2022,17,Singapore Grand Prix,marina_bay,Marina Bay Street Circuit,1.2914,103.864,Marina Bay,Singapore,2022-10-02,12:00:00Z,NA
leclerc,ferrari,18,1,2,109.412,2022,17,Singapore Grand Prix,marina_bay,Marina Bay Street Circuit,1.2914,103.864,Marina Bay,Singapore,2022-10-02,12:00:00Z,NA
sainz,ferrari,15,4,3,109.583,2022,17,Singapore Grand Prix,marina_bay,Marina Bay Street Circuit,1.2914,103.864,Marina Bay,Singapore,2022-10-02,12:00:00Z,NA
norris,mclaren,12,6,4,110.584,2022,17,Singapore Grand Prix,marina_bay,Marina Bay Street Circuit,1.2914,103.864,Marina Bay,Singapore,2022-10-02,12:00:00Z,NA
ricciardo,mclaren,10,16,5,116.226,2022,17,Singapore Grand Prix,marina_bay,Marina Bay Street Circuit,1.2914,103.864,Marina Bay,Singapore,2022-10-02,12:00:00Z,NA
stroll,aston_martin,8,11,6,114.211,2022,17,Singapore Grand Prix,marina_bay,Marina Bay Street Circuit,1.2914,103.864,Marina Bay,Singapore,2022-10-02,12:00:00Z,NA
max_verstappen,red_bull,6,8,7,111.39500000000001,2022,17,Singapore Grand Prix,marina_bay,Marina Bay Street Circuit,1.2914,103.864,Marina Bay,Singapore,2022-10-02,12:00:00Z,NA
vettel,aston_martin,4,13,8,114.38,2022,17,Singapore Grand Prix,marina_bay,Marina Bay Street Circuit,1.2914,103.864,Marina Bay,Singapore,2022-10-02,12:00:00Z,NA
hamilton,mercedes,2,3,9,109.46600000000001,2022,17,Singapore Grand Prix,marina_bay,Marina Bay Street Circuit,1.2914,103.864,Marina Bay,Singapore,2022-10-02,12:00:00Z,NA
gasly,alphatauri,1,7,10,111.211,2022,17,Singapore Grand Prix,marina_bay,Marina Bay Street Circuit,1.2914,103.864,Marina Bay,Singapore,2022-10-02,12:00:00Z,NA
bottas,alfa,0,15,11,116.083,2022,17,Singapore Grand Prix,marina_bay,Marina Bay Street Circuit,1.2914,103.864,Marina Bay,Singapore,2022-10-02,12:00:00Z,NA
kevin_magnussen,haas,0,9,12,111.57300000000001,2022,17,Singapore Grand Prix,marina_bay,Marina Bay Street Circuit,1.2914,103.864,Marina Bay,Singapore,2022-10-02,12:00:00Z,NA
mick_schumacher,haas,0,12,13,114.37,2022,17,Singapore Grand Prix,marina_bay,Marina Bay Street Circuit,1.2914,103.864,Marina Bay,Singapore,2022-10-02,12:00:00Z,NA
russell,mercedes,0,0,14,114.012,2022,17,Singapore Grand Prix,marina_bay,Marina Bay Street Circuit,1.2914,103.864,Marina Bay,Singapore,2022-10-02,12:00:00Z,NA
tsunoda,alphatauri,0,10,15,111.983,2022,17,Singapore Grand Prix,marina_bay,Marina Bay Street Circuit,1.2914,103.864,Marina Bay,Singapore,2022-10-02,12:00:00Z,NA
ocon,alpine,0,17,16,116.337,2022,17,Singapore Grand Prix,marina_bay,Marina Bay Street Circuit,1.2914,103.864,Marina Bay,Singapore,2022-10-02,12:00:00Z,NA
albon,williams,0,18,17,116.985,2022,17,Singapore Grand Prix,marina_bay,Marina Bay Street Circuit,1.2914,103.864,Marina Bay,Singapore,2022-10-02,12:00:00Z,NA
alonso,alpine,0,5,18,109.96600000000001,2022,17,Singapore Grand Prix,marina_bay,Marina Bay Street Circuit,1.2914,103.864,Marina Bay,Singapore,2022-10-02,12:00:00Z,NA
latifi,williams,0,19,19,117.532,2022,17,Singapore Grand Prix,marina_bay,Marina Bay Street Circuit,1.2914,103.864,Marina Bay,Singapore,2022-10-02,12:00:00Z,NA
zhou,alfa,0,14,20,115.375,2022,17,Singapore Grand Prix,marina_bay,Marina Bay Street Circuit,1.2914,103.864,Marina Bay,Singapore,2022-10-02,12:00:00Z,NA
max_verstappen,red_bull,25,1,1,89.304,2022,18,Japanese Grand Prix,suzuka,Suzuka Circuit,34.8431,136.541,Suzuka,Japan,2022-10-09,05:00:00Z,NA
perez,red_bull,18,4,2,89.709,2022,18,Japanese Grand Prix,suzuka,Suzuka Circuit,34.8431,136.541,Suzuka,Japan,2022-10-09,05:00:00Z,NA
leclerc,ferrari,15,2,3,89.314,2022,18,Japanese Grand Prix,suzuka,Suzuka Circuit,34.8431,136.541,Suzuka,Japan,2022-10-09,05:00:00Z,NA
ocon,alpine,12,5,4,90.16499999999999,2022,18,Japanese Grand Prix,suzuka,Suzuka Circuit,34.8431,136.541,Suzuka,Japan,2022-10-09,05:00:00Z,NA
hamilton,mercedes,10,6,5,90.261,2022,18,Japanese Grand Prix,suzuka,Suzuka Circuit,34.8431,136.541,Suzuka,Japan,2022-10-09,05:00:00Z,NA
vettel,aston_martin,8,9,6,90.554,2022,18,Japanese Grand Prix,suzuka,Suzuka Circuit,34.8431,136.541,Suzuka,Japan,2022-10-09,05:00:00Z,NA
alonso,alpine,6,7,7,90.322,2022,18,Japanese Grand Prix,suzuka,Suzuka Circuit,34.8431,136.541,Suzuka,Japan,2022-10-09,05:00:00Z,NA
russell,mercedes,4,8,8,90.389,2022,18,Japanese Grand Prix,suzuka,Suzuka Circuit,34.8431,136.541,Suzuka,Japan,2022-10-09,05:00:00Z,NA
latifi,williams,2,20,9,91.511,2022,18,Japanese Grand Prix,suzuka,Suzuka Circuit,34.8431,136.541,Suzuka,Japan,2022-10-09,05:00:00Z,NA
norris,mclaren,1,10,10,90.473,2022,18,Japanese Grand Prix,suzuka,Suzuka Circuit,34.8431,136.541,Suzuka,Japan,2022-10-09,05:00:00Z,NA
ricciardo,mclaren,0,11,11,90.65899999999999,2022,18,Japanese Grand Prix,suzuka,Suzuka Circuit,34.8431,136.541,Suzuka,Japan,2022-10-09,05:00:00Z,NA
stroll,aston_martin,0,19,12,91.419,2022,18,Japanese Grand Prix,suzuka,Suzuka Circuit,34.8431,136.541,Suzuka,Japan,2022-10-09,05:00:00Z,NA
tsunoda,alphatauri,0,13,13,90.80799999999999,2022,18,Japanese Grand Prix,suzuka,Suzuka Circuit,34.8431,136.541,Suzuka,Japan,2022-10-09,05:00:00Z,NA
kevin_magnussen,haas,0,18,14,91.352,2022,18,Japanese Grand Prix,suzuka,Suzuka Circuit,34.8431,136.541,Suzuka,Japan,2022-10-09,05:00:00Z,NA
bottas,alfa,0,12,15,90.709,2022,18,Japanese Grand Prix,suzuka,Suzuka Circuit,34.8431,136.541,Suzuka,Japan,2022-10-09,05:00:00Z,NA
zhou,alfa,0,14,16,90.894,2022,18,Japanese Grand Prix,suzuka,Suzuka Circuit,34.8431,136.541,Suzuka,Japan,2022-10-09,05:00:00Z,NA
mick_schumacher,haas,0,15,17,91.152,2022,18,Japanese Grand Prix,suzuka,Suzuka Circuit,34.8431,136.541,Suzuka,Japan,2022-10-09,05:00:00Z,NA
gasly,alphatauri,0,17,18,91.322,2022,18,Japanese Grand Prix,suzuka,Suzuka Circuit,34.8431,136.541,Suzuka,Japan,2022-10-09,05:00:00Z,NA
sainz,ferrari,0,3,19,89.361,2022,18,Japanese Grand Prix,suzuka,Suzuka Circuit,34.8431,136.541,Suzuka,Japan,2022-10-09,05:00:00Z,NA
albon,williams,0,16,20,91.311,2022,18,Japanese Grand Prix,suzuka,Suzuka Circuit,34.8431,136.541,Suzuka,Japan,2022-10-09,05:00:00Z,NA
max_verstappen,red_bull,25,2,1,94.44800000000001,2022,19,United States Grand Prix,americas,Circuit of the Americas,30.1328,-97.6411,Austin,USA,2022-10-23,19:00:00Z,NA
hamilton,mercedes,18,3,2,94.947,2022,19,United States Grand Prix,americas,Circuit of the Americas,30.1328,-97.6411,Austin,USA,2022-10-23,19:00:00Z,NA
leclerc,ferrari,15,12,3,94.42099999999999,2022,19,United States Grand Prix,americas,Circuit of the Americas,30.1328,-97.6411,Austin,USA,2022-10-23,19:00:00Z,NA
perez,red_bull,12,9,4,94.64500000000001,2022,19,United States Grand Prix,americas,Circuit of the Americas,30.1328,-97.6411,Austin,USA,2022-10-23,19:00:00Z,NA
russell,mercedes,11,4,5,94.988,2022,19,United States Grand Prix,americas,Circuit of the Americas,30.1328,-97.6411,Austin,USA,2022-10-23,19:00:00Z,NA
norris,mclaren,8,6,6,95.69,2022,19,United States Grand Prix,americas,Circuit of the Americas,30.1328,-97.6411,Austin,USA,2022-10-23,19:00:00Z,NA
alonso,alpine,6,14,7,95.876,2022,19,United States Grand Prix,americas,Circuit of the Americas,30.1328,-97.6411,Austin,USA,2022-10-23,19:00:00Z,NA
vettel,aston_martin,4,10,8,96.398,2022,19,United States Grand Prix,americas,Circuit of the Americas,30.1328,-97.6411,Austin,USA,2022-10-23,19:00:00Z,NA
kevin_magnussen,haas,2,13,9,96.949,2022,19,United States Grand Prix,americas,Circuit of the Americas,30.1328,-97.6411,Austin,USA,2022-10-23,19:00:00Z,NA
tsunoda,alphatauri,1,19,10,96.80799999999999,2022,19,United States Grand Prix,americas,Circuit of the Americas,30.1328,-97.6411,Austin,USA,2022-10-23,19:00:00Z,NA
ocon,alpine,0,0,11,97.068,2022,19,United States Grand Prix,americas,Circuit of the Americas,30.1328,-97.6411,Austin,USA,2022-10-23,19:00:00Z,NA
zhou,alfa,0,18,12,96.656,2022,19,United States Grand Prix,americas,Circuit of the Americas,30.1328,-97.6411,Austin,USA,2022-10-23,19:00:00Z,NA
albon,williams,0,8,13,96.368,2022,19,United States Grand Prix,americas,Circuit of the Americas,30.1328,-97.6411,Austin,USA,2022-10-23,19:00:00Z,NA
gasly,alphatauri,0,11,14,96.577,2022,19,United States Grand Prix,americas,Circuit of the Americas,30.1328,-97.6411,Austin,USA,2022-10-23,19:00:00Z,NA
mick_schumacher,haas,0,16,15,97.11099999999999,2022,19,United States Grand Prix,americas,Circuit of the Americas,30.1328,-97.6411,Austin,USA,2022-10-23,19:00:00Z,NA
ricciardo,mclaren,0,15,16,97.04599999999999,2022,19,United States Grand Prix,americas,Circuit of the Americas,30.1328,-97.6411,Austin,USA,2022-10-23,19:00:00Z,NA
latifi,williams,0,17,17,97.244,2022,19,United States Grand Prix,americas,Circuit of the Americas,30.1328,-97.6411,Austin,USA,2022-10-23,19:00:00Z,NA
stroll,aston_martin,0,5,18,95.598,2022,19,United States Grand Prix,americas,Circuit of the Americas,30.1328,-97.6411,Austin,USA,2022-10-23,19:00:00Z,NA
bottas,alfa,0,7,19,96.319,2022,19,United States Grand Prix,americas,Circuit of the Americas,30.1328,-97.6411,Austin,USA,2022-10-23,19:00:00Z,NA
sainz,ferrari,0,1,20,94.356,2022,19,United States Grand Prix,americas,Circuit of the Americas,30.1328,-97.6411,Austin,USA,2022-10-23,19:00:00Z,NA
max_verstappen,red_bull,25,1,1,77.775,2022,20,Mexico City Grand Prix,rodriguez,Autódromo Hermanos Rodríguez,19.4042,-99.0907,Mexico City,Mexico,2022-10-30,20:00:00Z,NA
hamilton,mercedes,18,3,2,78.084,2022,20,Mexico City Grand Prix,rodriguez,Autódromo Hermanos Rodríguez,19.4042,-99.0907,Mexico City,Mexico,2022-10-30,20:00:00Z,NA
perez,red_bull,15,4,3,78.128,2022,20,Mexico City Grand Prix,rodriguez,Autódromo Hermanos Rodríguez,19.4042,-99.0907,Mexico City,Mexico,2022-10-30,20:00:00Z,NA
russell,mercedes,13,2,4,78.07900000000001,2022,20,Mexico City Grand Prix,rodriguez,Autódromo Hermanos Rodríguez,19.4042,-99.0907,Mexico City,Mexico,2022-10-30,20:00:00Z,NA
sainz,ferrari,10,5,5,78.351,2022,20,Mexico City Grand Prix,rodriguez,Autódromo Hermanos Rodríguez,19.4042,-99.0907,Mexico City,Mexico,2022-10-30,20:00:00Z,NA
leclerc,ferrari,8,7,6,78.555,2022,20,Mexico City Grand Prix,rodriguez,Autódromo Hermanos Rodríguez,19.4042,-99.0907,Mexico City,Mexico,2022-10-30,20:00:00Z,NA
ricciardo,mclaren,6,11,7,79.325,2022,20,Mexico City Grand Prix,rodriguez,Autódromo Hermanos Rodríguez,19.4042,-99.0907,Mexico City,Mexico,2022-10-30,20:00:00Z,NA
ocon,alpine,4,10,8,79.01,2022,20,Mexico City Grand Prix,rodriguez,Autódromo Hermanos Rodríguez,19.4042,-99.0907,Mexico City,Mexico,2022-10-30,20:00:00Z,NA
norris,mclaren,2,8,9,78.721,2022,20,Mexico City Grand Prix,rodriguez,Autódromo Hermanos Rodríguez,19.4042,-99.0907,Mexico City,Mexico,2022-10-30,20:00:00Z,NA
bottas,alfa,1,6,10,78.401,2022,20,Mexico City Grand Prix,rodriguez,Autódromo Hermanos Rodríguez,19.4042,-99.0907,Mexico City,Mexico,2022-10-30,20:00:00Z,NA
gasly,alphatauri,0,14,11,79.672,2022,20,Mexico City Grand Prix,rodriguez,Autódromo Hermanos Rodríguez,19.4042,-99.0907,Mexico City,Mexico,2022-10-30,20:00:00Z,NA
albon,williams,0,17,12,80.85900000000001,2022,20,Mexico City Grand Prix,rodriguez,Autódromo Hermanos Rodríguez,19.4042,-99.0907,Mexico City,Mexico,2022-10-30,20:00:00Z,NA
zhou,alfa,0,12,13,79.476,2022,20,Mexico City Grand Prix,rodriguez,Autódromo Hermanos Rodríguez,19.4042,-99.0907,Mexico City,Mexico,2022-10-30,20:00:00Z,NA
vettel,aston_martin,0,16,14,80.419,2022,20,Mexico City Grand Prix,rodriguez,Autódromo Hermanos Rodríguez,19.4042,-99.0907,Mexico City,Mexico,2022-10-30,20:00:00Z,NA
stroll,aston_martin,0,20,15,80.52,2022,20,Mexico City Grand Prix,rodriguez,Autódromo Hermanos Rodríguez,19.4042,-99.0907,Mexico City,Mexico,2022-10-30,20:00:00Z,NA
mick_schumacher,haas,0,15,16,80.419,2022,20,Mexico City Grand Prix,rodriguez,Autódromo Hermanos Rodríguez,19.4042,-99.0907,Mexico City,Mexico,2022-10-30,20:00:00Z,NA
kevin_magnussen,haas,0,19,17,79.833,2022,20,Mexico City Grand Prix,rodriguez,Autódromo Hermanos Rodríguez,19.4042,-99.0907,Mexico City,Mexico,2022-10-30,20:00:00Z,NA
latifi,williams,0,18,18,81.167,2022,20,Mexico City Grand Prix,rodriguez,Autódromo Hermanos Rodríguez,19.4042,-99.0907,Mexico City,Mexico,2022-10-30,20:00:00Z,NA
alonso,alpine,0,9,19,78.939,2022,20,Mexico City Grand Prix,rodriguez,Autódromo Hermanos Rodríguez,19.4042,-99.0907,Mexico City,Mexico,2022-10-30,20:00:00Z,NA
tsunoda,alphatauri,0,13,20,79.589,2022,20,Mexico City Grand Prix,rodriguez,Autódromo Hermanos Rodríguez,19.4042,-99.0907,Mexico City,Mexico,2022-10-30,20:00:00Z,NA
russell,mercedes,26,1,1,71.318,2022,21,São Paulo Grand Prix,interlagos,Autódromo José Carlos Pace,-23.7036,-46.6997,São Paulo,Brazil,2022-11-13,18:00:00Z,2022-11-12
hamilton,mercedes,18,2,2,71.539,2022,21,São Paulo Grand Prix,interlagos,Autódromo José Carlos Pace,-23.7036,-46.6997,São Paulo,Brazil,2022-11-13,18:00:00Z,2022-11-12
sainz,ferrari,15,7,3,70.89,2022,21,São Paulo Grand Prix,interlagos,Autódromo José Carlos Pace,-23.7036,-46.6997,São Paulo,Brazil,2022-11-13,18:00:00Z,2022-11-12
leclerc,ferrari,12,5,4,70.95,2022,21,São Paulo Grand Prix,interlagos,Autódromo José Carlos Pace,-23.7036,-46.6997,São Paulo,Brazil,2022-11-13,18:00:00Z,2022-11-12
alonso,alpine,10,17,5,71.394,2022,21,São Paulo Grand Prix,interlagos,Autódromo José Carlos Pace,-23.7036,-46.6997,São Paulo,Brazil,2022-11-13,18:00:00Z,2022-11-12
max_verstappen,red_bull,8,3,6,70.881,2022,21,São Paulo Grand Prix,interlagos,Autódromo José Carlos Pace,-23.7036,-46.6997,São Paulo,Brazil,2022-11-13,18:00:00Z,2022-11-12
perez,red_bull,6,4,7,71.456,2022,21,São Paulo Grand Prix,interlagos,Autódromo José Carlos Pace,-23.7036,-46.6997,São Paulo,Brazil,2022-11-13,18:00:00Z,2022-11-12
ocon,alpine,4,16,8,71.587,2022,21,São Paulo Grand Prix,interlagos,Autódromo José Carlos Pace,-23.7036,-46.6997,São Paulo,Brazil,2022-11-13,18:00:00Z,2022-11-12
bottas,alfa,2,14,9,75.486,2022,21,São Paulo Grand Prix,interlagos,Autódromo José Carlos Pace,-23.7036,-46.6997,São Paulo,Brazil,2022-11-13,18:00:00Z,2022-11-12
stroll,aston_martin,1,15,10,72.21000000000001,2022,21,São Paulo Grand Prix,interlagos,Autódromo José Carlos Pace,-23.7036,-46.6997,São Paulo,Brazil,2022-11-13,18:00:00Z,2022-11-12
vettel,aston_martin,0,9,11,71.678,2022,21,São Paulo Grand Prix,interlagos,Autódromo José Carlos Pace,-23.7036,-46.6997,São Paulo,Brazil,2022-11-13,18:00:00Z,2022-11-12
zhou,alfa,0,13,12,75.197,2022,21,São Paulo Grand Prix,interlagos,Autódromo José Carlos Pace,-23.7036,-46.6997,São Paulo,Brazil,2022-11-13,18:00:00Z,2022-11-12
mick_schumacher,haas,0,12,13,76.361,2022,21,São Paulo Grand Prix,interlagos,Autódromo José Carlos Pace,-23.7036,-46.6997,São Paulo,Brazil,2022-11-13,18:00:00Z,2022-11-12
gasly,alphatauri,0,10,14,71.675,2022,21,São Paulo Grand Prix,interlagos,Autódromo José Carlos Pace,-23.7036,-46.6997,São Paulo,Brazil,2022-11-13,18:00:00Z,2022-11-12
albon,williams,0,19,15,71.631,2022,21,São Paulo Grand Prix,interlagos,Autódromo José Carlos Pace,-23.7036,-46.6997,São Paulo,Brazil,2022-11-13,18:00:00Z,2022-11-12
latifi,williams,0,18,16,75.095,2022,21,São Paulo Grand Prix,interlagos,Autódromo José Carlos Pace,-23.7036,-46.6997,São Paulo,Brazil,2022-11-13,18:00:00Z,2022-11-12
tsunoda,alphatauri,0,0,17,76.264,2022,21,São Paulo Grand Prix,interlagos,Autódromo José Carlos Pace,-23.7036,-46.6997,São Paulo,Brazil,2022-11-13,18:00:00Z,2022-11-12
norris,mclaren,0,6,18,71.377,2022,21,São Paulo Grand Prix,interlagos,Autódromo José Carlos Pace,-23.7036,-46.6997,São Paulo,Brazil,2022-11-13,18:00:00Z,2022-11-12
kevin_magnussen,haas,0,8,19,71.41,2022,21,São Paulo Grand Prix,interlagos,Autódromo José Carlos Pace,-23.7036,-46.6997,São Paulo,Brazil,2022-11-13,18:00:00Z,2022-11-12
ricciardo,mclaren,0,11,20,72.14,2022,21,São Paulo Grand Prix,interlagos,Autódromo José Carlos Pace,-23.7036,-46.6997,São Paulo,Brazil,2022-11-13,18:00:00Z,2022-11-12
max_verstappen,red_bull,25,1,1,83.824,2022,22,Abu Dhabi Grand Prix,yas_marina,Yas Marina Circuit,24.4672,54.6031,Abu Dhabi,UAE,2022-11-20,13:00:00Z,NA
leclerc,ferrari,18,3,2,84.092,2022,22,Abu Dhabi Grand Prix,yas_marina,Yas Marina Circuit,24.4672,54.6031,Abu Dhabi,UAE,2022-11-20,13:00:00Z,NA
perez,red_bull,15,2,3,84.05199999999999,2022,22,Abu Dhabi Grand Prix,yas_marina,Yas Marina Circuit,24.4672,54.6031,Abu Dhabi,UAE,2022-11-20,13:00:00Z,NA
sainz,ferrari,12,4,4,84.242,2022,22,Abu Dhabi Grand Prix,yas_marina,Yas Marina Circuit,24.4672,54.6031,Abu Dhabi,UAE,2022-11-20,13:00:00Z,NA
russell,mercedes,10,6,5,84.511,2022,22,Abu Dhabi Grand Prix,yas_marina,Yas Marina Circuit,24.4672,54.6031,Abu Dhabi,UAE,2022-11-20,13:00:00Z,NA
norris,mclaren,9,7,6,84.769,2022,22,Abu Dhabi Grand Prix,yas_marina,Yas Marina Circuit,24.4672,54.6031,Abu Dhabi,UAE,2022-11-20,13:00:00Z,NA
ocon,alpine,6,8,7,84.83,2022,22,Abu Dhabi Grand Prix,yas_marina,Yas Marina Circuit,24.4672,54.6031,Abu Dhabi,UAE,2022-11-20,13:00:00Z,NA
stroll,aston_martin,4,14,8,85.35900000000001,2022,22,Abu Dhabi Grand Prix,yas_marina,Yas Marina Circuit,24.4672,54.6031,Abu Dhabi,UAE,2022-11-20,13:00:00Z,NA
ricciardo,mclaren,2,13,9,85.045,2022,22,Abu Dhabi Grand Prix,yas_marina,Yas Marina Circuit,24.4672,54.6031,Abu Dhabi,UAE,2022-11-20,13:00:00Z,NA
vettel,aston_martin,1,9,10,84.961,2022,22,Abu Dhabi Grand Prix,yas_marina,Yas Marina Circuit,24.4672,54.6031,Abu Dhabi,UAE,2022-11-20,13:00:00Z,NA
tsunoda,alphatauri,0,11,11,85.219,2022,22,Abu Dhabi Grand Prix,yas_marina,Yas Marina Circuit,24.4672,54.6031,Abu Dhabi,UAE,2022-11-20,13:00:00Z,NA
zhou,alfa,0,15,12,85.408,2022,22,Abu Dhabi Grand Prix,yas_marina,Yas Marina Circuit,24.4672,54.6031,Abu Dhabi,UAE,2022-11-20,13:00:00Z,NA
albon,williams,0,19,13,86.02799999999999,2022,22,Abu Dhabi Grand Prix,yas_marina,Yas Marina Circuit,24.4672,54.6031,Abu Dhabi,UAE,2022-11-20,13:00:00Z,NA
gasly,alphatauri,0,17,14,85.85900000000001,2022,22,Abu Dhabi Grand Prix,yas_marina,Yas Marina Circuit,24.4672,54.6031,Abu Dhabi,UAE,2022-11-20,13:00:00Z,NA
bottas,alfa,0,18,15,85.892,2022,22,Abu Dhabi Grand Prix,yas_marina,Yas Marina Circuit,24.4672,54.6031,Abu Dhabi,UAE,2022-11-20,13:00:00Z,NA
mick_schumacher,haas,0,12,16,85.225,2022,22,Abu Dhabi Grand Prix,yas_marina,Yas Marina Circuit,24.4672,54.6031,Abu Dhabi,UAE,2022-11-20,13:00:00Z,NA
kevin_magnussen,haas,0,16,17,85.834,2022,22,Abu Dhabi Grand Prix,yas_marina,Yas Marina Circuit,24.4672,54.6031,Abu Dhabi,UAE,2022-11-20,13:00:00Z,NA
hamilton,mercedes,0,5,18,84.508,2022,22,Abu Dhabi Grand Prix,yas_marina,Yas Marina Circuit,24.4672,54.6031,Abu Dhabi,UAE,2022-11-20,13:00:00Z,NA
latifi,williams,0,20,19,86.054,2022,22,Abu Dhabi Grand Prix,yas_marina,Yas Marina Circuit,24.4672,54.6031,Abu Dhabi,UAE,2022-11-20,13:00:00Z,NA
alonso,alpine,0,10,20,85.096,2022,22,Abu Dhabi Grand Prix,yas_marina,Yas Marina Circuit,24.4672,54.6031,Abu Dhabi,UAE,2022-11-20,13:00:00Z,NA
max_verstappen,red_bull,25,1,1,89.708,2023,1,Bahrain Grand Prix,bahrain,Bahrain International Circuit,26.0325,50.5106,Sakhir,Bahrain,2023-03-05,15:00:00Z,NA
perez,red_bull,18,2,2,89.846,2023,1,Bahrain Grand Prix,bahrain,Bahrain International Circuit,26.0325,50.5106,Sakhir,Bahrain,2023-03-05,15:00:00Z,NA
alonso,aston_martin,15,5,3,90.336,2023,1,Bahrain Grand Prix,bahrain,Bahrain International Circuit,26.0325,50.5106,Sakhir,Bahrain,2023-03-05,15:00:00Z,NA
sainz,ferrari,12,4,4,90.154,2023,1,Bahrain Grand Prix,bahrain,Bahrain International Circuit,26.0325,50.5106,Sakhir,Bahrain,2023-03-05,15:00:00Z,NA
hamilton,mercedes,10,7,5,90.384,2023,1,Bahrain Grand Prix,bahrain,Bahrain International Circuit,26.0325,50.5106,Sakhir,Bahrain,2023-03-05,15:00:00Z,NA
stroll,aston_martin,8,8,6,90.836,2023,1,Bahrain Grand Prix,bahrain,Bahrain International Circuit,26.0325,50.5106,Sakhir,Bahrain,2023-03-05,15:00:00Z,NA
russell,mercedes,6,6,7,90.34,2023,1,Bahrain Grand Prix,bahrain,Bahrain International Circuit,26.0325,50.5106,Sakhir,Bahrain,2023-03-05,15:00:00Z,NA
bottas,alfa,4,12,8,91.443,2023,1,Bahrain Grand Prix,bahrain,Bahrain International Circuit,26.0325,50.5106,Sakhir,Bahrain,2023-03-05,15:00:00Z,NA
gasly,alpine,2,20,9,92.181,2023,1,Bahrain Grand Prix,bahrain,Bahrain International Circuit,26.0325,50.5106,Sakhir,Bahrain,2023-03-05,15:00:00Z,NA
albon,williams,1,15,10,91.461,2023,1,Bahrain Grand Prix,bahrain,Bahrain International Circuit,26.0325,50.5106,Sakhir,Bahrain,2023-03-05,15:00:00Z,NA
tsunoda,alphatauri,0,14,11,91.4,2023,1,Bahrain Grand Prix,bahrain,Bahrain International Circuit,26.0325,50.5106,Sakhir,Bahrain,2023-03-05,15:00:00Z,NA
sargeant,williams,0,16,12,91.652,2023,1,Bahrain Grand Prix,bahrain,Bahrain International Circuit,26.0325,50.5106,Sakhir,Bahrain,2023-03-05,15:00:00Z,NA
kevin_magnussen,haas,0,17,13,91.892,2023,1,Bahrain Grand Prix,bahrain,Bahrain International Circuit,26.0325,50.5106,Sakhir,Bahrain,2023-03-05,15:00:00Z,NA
de_vries,alphatauri,0,19,14,92.12100000000001,2023,1,Bahrain Grand Prix,bahrain,Bahrain International Circuit,26.0325,50.5106,Sakhir,Bahrain,2023-03-05,15:00:00Z,NA
hulkenberg,haas,0,10,15,90.809,2023,1,Bahrain Grand Prix,bahrain,Bahrain International Circuit,26.0325,50.5106,Sakhir,Bahrain,2023-03-05,15:00:00Z,NA
zhou,alfa,0,13,16,91.473,2023,1,Bahrain Grand Prix,bahrain,Bahrain International Circuit,26.0325,50.5106,Sakhir,Bahrain,2023-03-05,15:00:00Z,NA
norris,mclaren,0,11,17,91.381,2023,1,Bahrain Grand Prix,bahrain,Bahrain International Circuit,26.0325,50.5106,Sakhir,Bahrain,2023-03-05,15:00:00Z,NA
ocon,alpine,0,9,18,90.914,2023,1,Bahrain Grand Prix,bahrain,Bahrain International Circuit,26.0325,50.5106,Sakhir,Bahrain,2023-03-05,15:00:00Z,NA
leclerc,ferrari,0,3,19,90,2023,1,Bahrain Grand Prix,bahrain,Bahrain International Circuit,26.0325,50.5106,Sakhir,Bahrain,2023-03-05,15:00:00Z,NA
piastri,mclaren,0,18,20,92.101,2023,1,Bahrain Grand Prix,bahrain,Bahrain International Circuit,26.0325,50.5106,Sakhir,Bahrain,2023-03-05,15:00:00Z,NA
perez,red_bull,25,1,1,88.265,2023,2,Saudi Arabian Grand Prix,jeddah,Jeddah Corniche Circuit,21.6319,39.1044,Jeddah,Saudi Arabia,2023-03-19,17:00:00Z,NA
max_verstappen,red_bull,19,15,2,88.761,2023,2,Saudi Arabian Grand Prix,jeddah,Jeddah Corniche Circuit,21.6319,39.1044,Jeddah,Saudi Arabia,2023-03-19,17:00:00Z,NA
alonso,aston_martin,15,2,3,88.73,2023,2,Saudi Arabian Grand Prix,jeddah,Jeddah Corniche Circuit,21.6319,39.1044,Jeddah,Saudi Arabia,2023-03-19,17:00:00Z,NA
russell,mercedes,12,3,4,88.857,2023,2,Saudi Arabian Grand Prix,jeddah,Jeddah Corniche Circuit,21.6319,39.1044,Jeddah,Saudi Arabia,2023-03-19,17:00:00Z,NA
hamilton,mercedes,10,7,5,89.223,2023,2,Saudi Arabian Grand Prix,jeddah,Jeddah Corniche Circuit,21.6319,39.1044,Jeddah,Saudi Arabia,2023-03-19,17:00:00Z,NA
sainz,ferrari,8,4,6,88.931,2023,2,Saudi Arabian Grand Prix,jeddah,Jeddah Corniche Circuit,21.6319,39.1044,Jeddah,Saudi Arabia,2023-03-19,17:00:00Z,NA
leclerc,ferrari,6,12,7,88.42,2023,2,Saudi Arabian Grand Prix,jeddah,Jeddah Corniche Circuit,21.6319,39.1044,Jeddah,Saudi Arabia,2023-03-19,17:00:00Z,NA
ocon,alpine,4,6,8,89.078,2023,2,Saudi Arabian Grand Prix,jeddah,Jeddah Corniche Circuit,21.6319,39.1044,Jeddah,Saudi Arabia,2023-03-19,17:00:00Z,NA
gasly,alpine,2,9,9,89.357,2023,2,Saudi Arabian Grand Prix,jeddah,Jeddah Corniche Circuit,21.6319,39.1044,Jeddah,Saudi Arabia,2023-03-19,17:00:00Z,NA
kevin_magnussen,haas,1,13,10,89.634,2023,2,Saudi Arabian Grand Prix,jeddah,Jeddah Corniche Circuit,21.6319,39.1044,Jeddah,Saudi Arabia,2023-03-19,17:00:00Z,NA
tsunoda,alphatauri,0,16,11,89.939,2023,2,Saudi Arabian Grand Prix,jeddah,Jeddah Corniche Circuit,21.6319,39.1044,Jeddah,Saudi Arabia,2023-03-19,17:00:00Z,NA
hulkenberg,haas,0,10,12,89.451,2023,2,Saudi Arabian Grand Prix,jeddah,Jeddah Corniche Circuit,21.6319,39.1044,Jeddah,Saudi Arabia,2023-03-19,17:00:00Z,NA
zhou,alfa,0,11,13,89.461,2023,2,Saudi Arabian Grand Prix,jeddah,Jeddah Corniche Circuit,21.6319,39.1044,Jeddah,Saudi Arabia,2023-03-19,17:00:00Z,NA
de_vries,alphatauri,0,18,14,90.244,2023,2,Saudi Arabian Grand Prix,jeddah,Jeddah Corniche Circuit,21.6319,39.1044,Jeddah,Saudi Arabia,2023-03-19,17:00:00Z,NA
piastri,mclaren,0,8,15,89.243,2023,2,Saudi Arabian Grand Prix,jeddah,Jeddah Corniche Circuit,21.6319,39.1044,Jeddah,Saudi Arabia,2023-03-19,17:00:00Z,NA
sargeant,williams,0,20,16,128.51,2023,2,Saudi Arabian Grand Prix,jeddah,Jeddah Corniche Circuit,21.6319,39.1044,Jeddah,Saudi Arabia,2023-03-19,17:00:00Z,NA
norris,mclaren,0,19,17,90.447,2023,2,Saudi Arabian Grand Prix,jeddah,Jeddah Corniche Circuit,21.6319,39.1044,Jeddah,Saudi Arabia,2023-03-19,17:00:00Z,NA
bottas,alfa,0,14,18,89.668,2023,2,Saudi Arabian Grand Prix,jeddah,Jeddah Corniche Circuit,21.6319,39.1044,Jeddah,Saudi Arabia,2023-03-19,17:00:00Z,NA
albon,williams,0,17,19,89.994,2023,2,Saudi Arabian Grand Prix,jeddah,Jeddah Corniche Circuit,21.6319,39.1044,Jeddah,Saudi Arabia,2023-03-19,17:00:00Z,NA
stroll,aston_martin,0,5,20,88.945,2023,2,Saudi Arabian Grand Prix,jeddah,Jeddah Corniche Circuit,21.6319,39.1044,Jeddah,Saudi Arabia,2023-03-19,17:00:00Z,NA
max_verstappen,red_bull,25,1,1,76.732,2023,3,Australian Grand Prix,albert_park,Albert Park Grand Prix Circuit,-37.8497,144.968,Melbourne,Australia,2023-04-02,05:00:00Z,NA
hamilton,mercedes,18,3,2,77.104,2023,3,Australian Grand Prix,albert_park,Albert Park Grand Prix Circuit,-37.8497,144.968,Melbourne,Australia,2023-04-02,05:00:00Z,NA
alonso,aston_martin,15,4,3,77.139,2023,3,Australian Grand Prix,albert_park,Albert Park Grand Prix Circuit,-37.8497,144.968,Melbourne,Australia,2023-04-02,05:00:00Z,NA
stroll,aston_martin,12,6,4,77.30799999999999,2023,3,Australian Grand Prix,albert_park,Albert Park Grand Prix Circuit,-37.8497,144.968,Melbourne,Australia,2023-04-02,05:00:00Z,NA
perez,red_bull,11,20,5,Inf,2023,3,Australian Grand Prix,albert_park,Albert Park Grand Prix Circuit,-37.8497,144.968,Melbourne,Australia,2023-04-02,05:00:00Z,NA
norris,mclaren,8,13,6,78.119,2023,3,Australian Grand Prix,albert_park,Albert Park Grand Prix Circuit,-37.8497,144.968,Melbourne,Australia,2023-04-02,05:00:00Z,NA
hulkenberg,haas,6,10,7,77.412,2023,3,Australian Grand Prix,albert_park,Albert Park Grand Prix Circuit,-37.8497,144.968,Melbourne,Australia,2023-04-02,05:00:00Z,NA
piastri,mclaren,4,16,8,78.517,2023,3,Australian Grand Prix,albert_park,Albert Park Grand Prix Circuit,-37.8497,144.968,Melbourne,Australia,2023-04-02,05:00:00Z,NA
zhou,alfa,2,17,9,78.53999999999999,2023,3,Australian Grand Prix,albert_park,Albert Park Grand Prix Circuit,-37.8497,144.968,Melbourne,Australia,2023-04-02,05:00:00Z,NA
tsunoda,alphatauri,1,12,10,78.099,2023,3,Australian Grand Prix,albert_park,Albert Park Grand Prix Circuit,-37.8497,144.968,Melbourne,Australia,2023-04-02,05:00:00Z,NA
bottas,alfa,0,19,11,78.714,2023,3,Australian Grand Prix,albert_park,Albert Park Grand Prix Circuit,-37.8497,144.968,Melbourne,Australia,2023-04-02,05:00:00Z,NA
sainz,ferrari,0,5,12,77.27,2023,3,Australian Grand Prix,albert_park,Albert Park Grand Prix Circuit,-37.8497,144.968,Melbourne,Australia,2023-04-02,05:00:00Z,NA
gasly,alpine,0,9,13,77.574,2023,3,Australian Grand Prix,albert_park,Albert Park Grand Prix Circuit,-37.8497,144.968,Melbourne,Australia,2023-04-02,05:00:00Z,NA
ocon,alpine,0,11,14,77.768,2023,3,Australian Grand Prix,albert_park,Albert Park Grand Prix Circuit,-37.8497,144.968,Melbourne,Australia,2023-04-02,05:00:00Z,NA
de_vries,alphatauri,0,15,15,78.33500000000001,2023,3,Australian Grand Prix,albert_park,Albert Park Grand Prix Circuit,-37.8497,144.968,Melbourne,Australia,2023-04-02,05:00:00Z,NA
sargeant,williams,0,18,16,78.557,2023,3,Australian Grand Prix,albert_park,Albert Park Grand Prix Circuit,-37.8497,144.968,Melbourne,Australia,2023-04-02,05:00:00Z,NA
kevin_magnussen,haas,0,14,17,78.129,2023,3,Australian Grand Prix,albert_park,Albert Park Grand Prix Circuit,-37.8497,144.968,Melbourne,Australia,2023-04-02,05:00:00Z,NA
russell,mercedes,0,2,18,76.968,2023,3,Australian Grand Prix,albert_park,Albert Park Grand Prix Circuit,-37.8497,144.968,Melbourne,Australia,2023-04-02,05:00:00Z,NA
albon,williams,0,8,19,77.60900000000001,2023,3,Australian Grand Prix,albert_park,Albert Park Grand Prix Circuit,-37.8497,144.968,Melbourne,Australia,2023-04-02,05:00:00Z,NA
leclerc,ferrari,0,7,20,77.369,2023,3,Australian Grand Prix,albert_park,Albert Park Grand Prix Circuit,-37.8497,144.968,Melbourne,Australia,2023-04-02,05:00:00Z,NA
perez,red_bull,25,3,1,100.495,2023,4,Azerbaijan Grand Prix,baku,Baku City Circuit,40.3725,49.8533,Baku,Azerbaijan,2023-04-30,11:00:00Z,2023-04-29
max_verstappen,red_bull,18,2,2,100.39099999999999,2023,4,Azerbaijan Grand Prix,baku,Baku City Circuit,40.3725,49.8533,Baku,Azerbaijan,2023-04-30,11:00:00Z,2023-04-29
leclerc,ferrari,15,1,3,100.203,2023,4,Azerbaijan Grand Prix,baku,Baku City Circuit,40.3725,49.8533,Baku,Azerbaijan,2023-04-30,11:00:00Z,2023-04-29
alonso,aston_martin,12,6,4,101.253,2023,4,Azerbaijan Grand Prix,baku,Baku City Circuit,40.3725,49.8533,Baku,Azerbaijan,2023-04-30,11:00:00Z,2023-04-29
sainz,ferrari,10,4,5,101.01599999999999,2023,4,Azerbaijan Grand Prix,baku,Baku City Circuit,40.3725,49.8533,Baku,Azerbaijan,2023-04-30,11:00:00Z,2023-04-29
hamilton,mercedes,8,5,6,101.17699999999999,2023,4,Azerbaijan Grand Prix,baku,Baku City Circuit,40.3725,49.8533,Baku,Azerbaijan,2023-04-30,11:00:00Z,2023-04-29
stroll,aston_martin,6,9,7,101.576,2023,4,Azerbaijan Grand Prix,baku,Baku City Circuit,40.3725,49.8533,Baku,Azerbaijan,2023-04-30,11:00:00Z,2023-04-29
russell,mercedes,5,11,8,101.654,2023,4,Azerbaijan Grand Prix,baku,Baku City Circuit,40.3725,49.8533,Baku,Azerbaijan,2023-04-30,11:00:00Z,2023-04-29
norris,mclaren,2,7,9,101.281,2023,4,Azerbaijan Grand Prix,baku,Baku City Circuit,40.3725,49.8533,Baku,Azerbaijan,2023-04-30,11:00:00Z,2023-04-29
tsunoda,alphatauri,1,8,10,101.569,2023,4,Azerbaijan Grand Prix,baku,Baku City Circuit,40.3725,49.8533,Baku,Azerbaijan,2023-04-30,11:00:00Z,2023-04-29
piastri,mclaren,0,10,11,101.61099999999999,2023,4,Azerbaijan Grand Prix,baku,Baku City Circuit,40.3725,49.8533,Baku,Azerbaijan,2023-04-30,11:00:00Z,2023-04-29
albon,williams,0,12,12,101.818,2023,4,Azerbaijan Grand Prix,baku,Baku City Circuit,40.3725,49.8533,Baku,Azerbaijan,2023-04-30,11:00:00Z,2023-04-29
kevin_magnussen,haas,0,16,13,103.417,2023,4,Azerbaijan Grand Prix,baku,Baku City Circuit,40.3725,49.8533,Baku,Azerbaijan,2023-04-30,11:00:00Z,2023-04-29
gasly,alpine,0,17,14,104.85300000000001,2023,4,Azerbaijan Grand Prix,baku,Baku City Circuit,40.3725,49.8533,Baku,Azerbaijan,2023-04-30,11:00:00Z,2023-04-29
ocon,alpine,0,19,15,101.798,2023,4,Azerbaijan Grand Prix,baku,Baku City Circuit,40.3725,49.8533,Baku,Azerbaijan,2023-04-30,11:00:00Z,2023-04-29
sargeant,williams,0,14,16,102.24199999999999,2023,4,Azerbaijan Grand Prix,baku,Baku City Circuit,40.3725,49.8533,Baku,Azerbaijan,2023-04-30,11:00:00Z,2023-04-29
hulkenberg,haas,0,20,17,102.755,2023,4,Azerbaijan Grand Prix,baku,Baku City Circuit,40.3725,49.8533,Baku,Azerbaijan,2023-04-30,11:00:00Z,2023-04-29
bottas,alfa,0,13,18,102.259,2023,4,Azerbaijan Grand Prix,baku,Baku City Circuit,40.3725,49.8533,Baku,Azerbaijan,2023-04-30,11:00:00Z,2023-04-29
zhou,alfa,0,15,19,102.642,2023,4,Azerbaijan Grand Prix,baku,Baku City Circuit,40.3725,49.8533,Baku,Azerbaijan,2023-04-30,11:00:00Z,2023-04-29
de_vries,alphatauri,0,18,20,115.282,2023,4,Azerbaijan Grand Prix,baku,Baku City Circuit,40.3725,49.8533,Baku,Azerbaijan,2023-04-30,11:00:00Z,2023-04-29
max_verstappen,red_bull,26,9,1,86.814,2023,5,Miami Grand Prix,miami,Miami International Autodrome,25.9581,-80.2389,Miami,USA,2023-05-07,19:30:00Z,NA
perez,red_bull,18,1,2,86.84100000000001,2023,5,Miami Grand Prix,miami,Miami International Autodrome,25.9581,-80.2389,Miami,USA,2023-05-07,19:30:00Z,NA
alonso,aston_martin,15,2,3,87.09700000000001,2023,5,Miami Grand Prix,miami,Miami International Autodrome,25.9581,-80.2389,Miami,USA,2023-05-07,19:30:00Z,NA
russell,mercedes,12,6,4,87.743,2023,5,Miami Grand Prix,miami,Miami International Autodrome,25.9581,-80.2389,Miami,USA,2023-05-07,19:30:00Z,NA
sainz,ferrari,10,3,5,87.148,2023,5,Miami Grand Prix,miami,Miami International Autodrome,25.9581,-80.2389,Miami,USA,2023-05-07,19:30:00Z,NA
hamilton,mercedes,8,13,6,87.846,2023,5,Miami Grand Prix,miami,Miami International Autodrome,25.9581,-80.2389,Miami,USA,2023-05-07,19:30:00Z,NA
leclerc,ferrari,6,7,7,86.964,2023,5,Miami Grand Prix,miami,Miami International Autodrome,25.9581,-80.2389,Miami,USA,2023-05-07,19:30:00Z,NA
gasly,alpine,4,5,8,87.612,2023,5,Miami Grand Prix,miami,Miami International Autodrome,25.9581,-80.2389,Miami,USA,2023-05-07,19:30:00Z,NA
ocon,alpine,2,8,9,87.444,2023,5,Miami Grand Prix,miami,Miami International Autodrome,25.9581,-80.2389,Miami,USA,2023-05-07,19:30:00Z,NA
kevin_magnussen,haas,1,4,10,87.673,2023,5,Miami Grand Prix,miami,Miami International Autodrome,25.9581,-80.2389,Miami,USA,2023-05-07,19:30:00Z,NA
tsunoda,alphatauri,0,17,11,88.429,2023,5,Miami Grand Prix,miami,Miami International Autodrome,25.9581,-80.2389,Miami,USA,2023-05-07,19:30:00Z,NA
stroll,aston_martin,0,18,12,88.476,2023,5,Miami Grand Prix,miami,Miami International Autodrome,25.9581,-80.2389,Miami,USA,2023-05-07,19:30:00Z,NA
bottas,alfa,0,10,13,87.564,2023,5,Miami Grand Prix,miami,Miami International Autodrome,25.9581,-80.2389,Miami,USA,2023-05-07,19:30:00Z,NA
albon,williams,0,11,14,87.795,2023,5,Miami Grand Prix,miami,Miami International Autodrome,25.9581,-80.2389,Miami,USA,2023-05-07,19:30:00Z,NA
hulkenberg,haas,0,12,15,87.90299999999999,2023,5,Miami Grand Prix,miami,Miami International Autodrome,25.9581,-80.2389,Miami,USA,2023-05-07,19:30:00Z,NA
zhou,alfa,0,14,16,88.09100000000001,2023,5,Miami Grand Prix,miami,Miami International Autodrome,25.9581,-80.2389,Miami,USA,2023-05-07,19:30:00Z,NA
norris,mclaren,0,16,17,88.394,2023,5,Miami Grand Prix,miami,Miami International Autodrome,25.9581,-80.2389,Miami,USA,2023-05-07,19:30:00Z,NA
de_vries,alphatauri,0,15,18,88.325,2023,5,Miami Grand Prix,miami,Miami International Autodrome,25.9581,-80.2389,Miami,USA,2023-05-07,19:30:00Z,NA
piastri,mclaren,0,19,19,88.48400000000001,2023,5,Miami Grand Prix,miami,Miami International Autodrome,25.9581,-80.2389,Miami,USA,2023-05-07,19:30:00Z,NA
sargeant,williams,0,20,20,88.577,2023,5,Miami Grand Prix,miami,Miami International Autodrome,25.9581,-80.2389,Miami,USA,2023-05-07,19:30:00Z,NA
max_verstappen,red_bull,25,1,1,71.365,2023,6,Monaco Grand Prix,monaco,Circuit de Monaco,43.7347,7.42056,Monte Carlo,Monaco,2023-05-28,13:00:00Z,NA
alonso,aston_martin,18,2,2,71.449,2023,6,Monaco Grand Prix,monaco,Circuit de Monaco,43.7347,7.42056,Monte Carlo,Monaco,2023-05-28,13:00:00Z,NA
ocon,alpine,15,3,3,71.553,2023,6,Monaco Grand Prix,monaco,Circuit de Monaco,43.7347,7.42056,Monte Carlo,Monaco,2023-05-28,13:00:00Z,NA
hamilton,mercedes,13,5,4,71.725,2023,6,Monaco Grand Prix,monaco,Circuit de Monaco,43.7347,7.42056,Monte Carlo,Monaco,2023-05-28,13:00:00Z,NA
russell,mercedes,10,8,5,71.964,2023,6,Monaco Grand Prix,monaco,Circuit de Monaco,43.7347,7.42056,Monte Carlo,Monaco,2023-05-28,13:00:00Z,NA
leclerc,ferrari,8,6,6,71.471,2023,6,Monaco Grand Prix,monaco,Circuit de Monaco,43.7347,7.42056,Monte Carlo,Monaco,2023-05-28,13:00:00Z,NA
gasly,alpine,6,7,7,71.93299999999999,2023,6,Monaco Grand Prix,monaco,Circuit de Monaco,43.7347,7.42056,Monte Carlo,Monaco,2023-05-28,13:00:00Z,NA
sainz,ferrari,4,4,8,71.63,2023,6,Monaco Grand Prix,monaco,Circuit de Monaco,43.7347,7.42056,Monte Carlo,Monaco,2023-05-28,13:00:00Z,NA
norris,mclaren,2,10,9,72.254,2023,6,Monaco Grand Prix,monaco,Circuit de Monaco,43.7347,7.42056,Monte Carlo,Monaco,2023-05-28,13:00:00Z,NA
piastri,mclaren,1,11,10,72.395,2023,6,Monaco Grand Prix,monaco,Circuit de Monaco,43.7347,7.42056,Monte Carlo,Monaco,2023-05-28,13:00:00Z,NA
bottas,alfa,0,15,11,72.625,2023,6,Monaco Grand Prix,monaco,Circuit de Monaco,43.7347,7.42056,Monte Carlo,Monaco,2023-05-28,13:00:00Z,NA
de_vries,alphatauri,0,12,12,72.428,2023,6,Monaco Grand Prix,monaco,Circuit de Monaco,43.7347,7.42056,Monte Carlo,Monaco,2023-05-28,13:00:00Z,NA
zhou,alfa,0,19,13,73.523,2023,6,Monaco Grand Prix,monaco,Circuit de Monaco,43.7347,7.42056,Monte Carlo,Monaco,2023-05-28,13:00:00Z,NA
albon,williams,0,13,14,72.527,2023,6,Monaco Grand Prix,monaco,Circuit de Monaco,43.7347,7.42056,Monte Carlo,Monaco,2023-05-28,13:00:00Z,NA
tsunoda,alphatauri,0,9,15,72.082,2023,6,Monaco Grand Prix,monaco,Circuit de Monaco,43.7347,7.42056,Monte Carlo,Monaco,2023-05-28,13:00:00Z,NA
perez,red_bull,0,20,16,73.85,2023,6,Monaco Grand Prix,monaco,Circuit de Monaco,43.7347,7.42056,Monte Carlo,Monaco,2023-05-28,13:00:00Z,NA
hulkenberg,haas,0,18,17,73.279,2023,6,Monaco Grand Prix,monaco,Circuit de Monaco,43.7347,7.42056,Monte Carlo,Monaco,2023-05-28,13:00:00Z,NA
sargeant,williams,0,16,18,73.113,2023,6,Monaco Grand Prix,monaco,Circuit de Monaco,43.7347,7.42056,Monte Carlo,Monaco,2023-05-28,13:00:00Z,NA
kevin_magnussen,haas,0,17,19,73.27,2023,6,Monaco Grand Prix,monaco,Circuit de Monaco,43.7347,7.42056,Monte Carlo,Monaco,2023-05-28,13:00:00Z,NA
stroll,aston_martin,0,14,20,72.623,2023,6,Monaco Grand Prix,monaco,Circuit de Monaco,43.7347,7.42056,Monte Carlo,Monaco,2023-05-28,13:00:00Z,NA
max_verstappen,red_bull,26,1,1,72.272,2023,7,Spanish Grand Prix,catalunya,Circuit de Barcelona-Catalunya,41.57,2.26111,Barcelona,Spain,2023-06-04,13:00:00Z,NA
hamilton,mercedes,18,4,2,72.818,2023,7,Spanish Grand Prix,catalunya,Circuit de Barcelona-Catalunya,41.57,2.26111,Barcelona,Spain,2023-06-04,13:00:00Z,NA
russell,mercedes,15,12,3,73.326,2023,7,Spanish Grand Prix,catalunya,Circuit de Barcelona-Catalunya,41.57,2.26111,Barcelona,Spain,2023-06-04,13:00:00Z,NA
perez,red_bull,12,11,4,73.334,2023,7,Spanish Grand Prix,catalunya,Circuit de Barcelona-Catalunya,41.57,2.26111,Barcelona,Spain,2023-06-04,13:00:00Z,NA
sainz,ferrari,10,2,5,72.734,2023,7,Spanish Grand Prix,catalunya,Circuit de Barcelona-Catalunya,41.57,2.26111,Barcelona,Spain,2023-06-04,13:00:00Z,NA
stroll,aston_martin,8,5,6,72.994,2023,7,Spanish Grand Prix,catalunya,Circuit de Barcelona-Catalunya,41.57,2.26111,Barcelona,Spain,2023-06-04,13:00:00Z,NA
alonso,aston_martin,6,8,7,73.098,2023,7,Spanish Grand Prix,catalunya,Circuit de Barcelona-Catalunya,41.57,2.26111,Barcelona,Spain,2023-06-04,13:00:00Z,NA
ocon,alpine,4,6,8,73.001,2023,7,Spanish Grand Prix,catalunya,Circuit de Barcelona-Catalunya,41.57,2.26111,Barcelona,Spain,2023-06-04,13:00:00Z,NA
zhou,alfa,2,13,9,73.521,2023,7,Spanish Grand Prix,catalunya,Circuit de Barcelona-Catalunya,41.57,2.26111,Barcelona,Spain,2023-06-04,13:00:00Z,NA
gasly,alpine,1,10,10,72.816,2023,7,Spanish Grand Prix,catalunya,Circuit de Barcelona-Catalunya,41.57,2.26111,Barcelona,Spain,2023-06-04,13:00:00Z,NA
leclerc,ferrari,0,19,11,74.07900000000001,2023,7,Spanish Grand Prix,catalunya,Circuit de Barcelona-Catalunya,41.57,2.26111,Barcelona,Spain,2023-06-04,13:00:00Z,NA
tsunoda,alphatauri,0,15,12,73.862,2023,7,Spanish Grand Prix,catalunya,Circuit de Barcelona-Catalunya,41.57,2.26111,Barcelona,Spain,2023-06-04,13:00:00Z,NA
piastri,mclaren,0,9,13,73.059,2023,7,Spanish Grand Prix,catalunya,Circuit de Barcelona-Catalunya,41.57,2.26111,Barcelona,Spain,2023-06-04,13:00:00Z,NA
de_vries,alphatauri,0,14,14,73.581,2023,7,Spanish Grand Prix,catalunya,Circuit de Barcelona-Catalunya,41.57,2.26111,Barcelona,Spain,2023-06-04,13:00:00Z,NA
hulkenberg,haas,0,7,15,73.229,2023,7,Spanish Grand Prix,catalunya,Circuit de Barcelona-Catalunya,41.57,2.26111,Barcelona,Spain,2023-06-04,13:00:00Z,NA
albon,williams,0,18,16,74.063,2023,7,Spanish Grand Prix,catalunya,Circuit de Barcelona-Catalunya,41.57,2.26111,Barcelona,Spain,2023-06-04,13:00:00Z,NA
norris,mclaren,0,3,17,72.776,2023,7,Spanish Grand Prix,catalunya,Circuit de Barcelona-Catalunya,41.57,2.26111,Barcelona,Spain,2023-06-04,13:00:00Z,NA
kevin_magnussen,haas,0,17,18,74.042,2023,7,Spanish Grand Prix,catalunya,Circuit de Barcelona-Catalunya,41.57,2.26111,Barcelona,Spain,2023-06-04,13:00:00Z,NA
bottas,alfa,0,16,19,73.977,2023,7,Spanish Grand Prix,catalunya,Circuit de Barcelona-Catalunya,41.57,2.26111,Barcelona,Spain,2023-06-04,13:00:00Z,NA
sargeant,williams,0,20,20,74.699,2023,7,Spanish Grand Prix,catalunya,Circuit de Barcelona-Catalunya,41.57,2.26111,Barcelona,Spain,2023-06-04,13:00:00Z,NA
max_verstappen,red_bull,25,1,1,79.092,2023,8,Canadian Grand Prix,villeneuve,Circuit Gilles Villeneuve,45.5,-73.5228,Montreal,Canada,2023-06-18,18:00:00Z,NA
alonso,aston_martin,18,2,2,79.776,2023,8,Canadian Grand Prix,villeneuve,Circuit Gilles Villeneuve,45.5,-73.5228,Montreal,Canada,2023-06-18,18:00:00Z,NA
hamilton,mercedes,15,3,3,80.426,2023,8,Canadian Grand Prix,villeneuve,Circuit Gilles Villeneuve,45.5,-73.5228,Montreal,Canada,2023-06-18,18:00:00Z,NA
leclerc,ferrari,12,10,4,80.615,2023,8,Canadian Grand Prix,villeneuve,Circuit Gilles Villeneuve,45.5,-73.5228,Montreal,Canada,2023-06-18,18:00:00Z,NA
sainz,ferrari,10,11,5,79.856,2023,8,Canadian Grand Prix,villeneuve,Circuit Gilles Villeneuve,45.5,-73.5228,Montreal,Canada,2023-06-18,18:00:00Z,NA
perez,red_bull,9,12,6,80.959,2023,8,Canadian Grand Prix,villeneuve,Circuit Gilles Villeneuve,45.5,-73.5228,Montreal,Canada,2023-06-18,18:00:00Z,NA
albon,williams,6,9,7,78.725,2023,8,Canadian Grand Prix,villeneuve,Circuit Gilles Villeneuve,45.5,-73.5228,Montreal,Canada,2023-06-18,18:00:00Z,NA
ocon,alpine,4,6,8,80.406,2023,8,Canadian Grand Prix,villeneuve,Circuit Gilles Villeneuve,45.5,-73.5228,Montreal,Canada,2023-06-18,18:00:00Z,NA
stroll,aston_martin,2,16,9,81.48400000000001,2023,8,Canadian Grand Prix,villeneuve,Circuit Gilles Villeneuve,45.5,-73.5228,Montreal,Canada,2023-06-18,18:00:00Z,NA
bottas,alfa,1,14,10,81.821,2023,8,Canadian Grand Prix,villeneuve,Circuit Gilles Villeneuve,45.5,-73.5228,Montreal,Canada,2023-06-18,18:00:00Z,NA
piastri,mclaren,0,8,11,79.65899999999999,2023,8,Canadian Grand Prix,villeneuve,Circuit Gilles Villeneuve,45.5,-73.5228,Montreal,Canada,2023-06-18,18:00:00Z,NA
gasly,alpine,0,15,12,82.886,2023,8,Canadian Grand Prix,villeneuve,Circuit Gilles Villeneuve,45.5,-73.5228,Montreal,Canada,2023-06-18,18:00:00Z,NA
norris,mclaren,0,7,13,79.34700000000001,2023,8,Canadian Grand Prix,villeneuve,Circuit Gilles Villeneuve,45.5,-73.5228,Montreal,Canada,2023-06-18,18:00:00Z,NA
tsunoda,alphatauri,0,19,14,82.746,2023,8,Canadian Grand Prix,villeneuve,Circuit Gilles Villeneuve,45.5,-73.5228,Montreal,Canada,2023-06-18,18:00:00Z,NA
hulkenberg,haas,0,5,15,80.305,2023,8,Canadian Grand Prix,villeneuve,Circuit Gilles Villeneuve,45.5,-73.5228,Montreal,Canada,2023-06-18,18:00:00Z,NA
zhou,alfa,0,20,16,83.342,2023,8,Canadian Grand Prix,villeneuve,Circuit Gilles Villeneuve,45.5,-73.5228,Montreal,Canada,2023-06-18,18:00:00Z,NA
kevin_magnussen,haas,0,13,17,81.678,2023,8,Canadian Grand Prix,villeneuve,Circuit Gilles Villeneuve,45.5,-73.5228,Montreal,Canada,2023-06-18,18:00:00Z,NA
de_vries,alphatauri,0,17,18,83.137,2023,8,Canadian Grand Prix,villeneuve,Circuit Gilles Villeneuve,45.5,-73.5228,Montreal,Canada,2023-06-18,18:00:00Z,NA
russell,mercedes,0,4,19,80.098,2023,8,Canadian Grand Prix,villeneuve,Circuit Gilles Villeneuve,45.5,-73.5228,Montreal,Canada,2023-06-18,18:00:00Z,NA
sargeant,williams,0,18,20,83.337,2023,8,Canadian Grand Prix,villeneuve,Circuit Gilles Villeneuve,45.5,-73.5228,Montreal,Canada,2023-06-18,18:00:00Z,NA
max_verstappen,red_bull,26,1,1,64.391,2023,9,Austrian Grand Prix,red_bull_ring,Red Bull Ring,47.2197,14.7647,Spielberg,Austria,2023-07-02,13:00:00Z,2023-07-01
leclerc,ferrari,18,2,2,64.439,2023,9,Austrian Grand Prix,red_bull_ring,Red Bull Ring,47.2197,14.7647,Spielberg,Austria,2023-07-02,13:00:00Z,2023-07-01
perez,red_bull,15,15,3,65.17699999999999,2023,9,Austrian Grand Prix,red_bull_ring,Red Bull Ring,47.2197,14.7647,Spielberg,Austria,2023-07-02,13:00:00Z,2023-07-01
norris,mclaren,12,4,4,64.658,2023,9,Austrian Grand Prix,red_bull_ring,Red Bull Ring,47.2197,14.7647,Spielberg,Austria,2023-07-02,13:00:00Z,2023-07-01
alonso,aston_martin,10,7,5,64.911,2023,9,Austrian Grand Prix,red_bull_ring,Red Bull Ring,47.2197,14.7647,Spielberg,Austria,2023-07-02,13:00:00Z,2023-07-01
sainz,ferrari,8,3,6,64.581,2023,9,Austrian Grand Prix,red_bull_ring,Red Bull Ring,47.2197,14.7647,Spielberg,Austria,2023-07-02,13:00:00Z,2023-07-01
russell,mercedes,6,11,7,65.428,2023,9,Austrian Grand Prix,red_bull_ring,Red Bull Ring,47.2197,14.7647,Spielberg,Austria,2023-07-02,13:00:00Z,2023-07-01
hamilton,mercedes,4,5,8,64.819,2023,9,Austrian Grand Prix,red_bull_ring,Red Bull Ring,47.2197,14.7647,Spielberg,Austria,2023-07-02,13:00:00Z,2023-07-01
stroll,aston_martin,2,6,9,64.893,2023,9,Austrian Grand Prix,red_bull_ring,Red Bull Ring,47.2197,14.7647,Spielberg,Austria,2023-07-02,13:00:00Z,2023-07-01
gasly,alpine,1,9,10,65.17,2023,9,Austrian Grand Prix,red_bull_ring,Red Bull Ring,47.2197,14.7647,Spielberg,Austria,2023-07-02,13:00:00Z,2023-07-01
albon,williams,0,10,11,65.387,2023,9,Austrian Grand Prix,red_bull_ring,Red Bull Ring,47.2197,14.7647,Spielberg,Austria,2023-07-02,13:00:00Z,2023-07-01
zhou,alfa,0,17,12,65.818,2023,9,Austrian Grand Prix,red_bull_ring,Red Bull Ring,47.2197,14.7647,Spielberg,Austria,2023-07-02,13:00:00Z,2023-07-01
sargeant,williams,0,18,13,65.94800000000001,2023,9,Austrian Grand Prix,red_bull_ring,Red Bull Ring,47.2197,14.7647,Spielberg,Austria,2023-07-02,13:00:00Z,2023-07-01
ocon,alpine,0,12,14,65.453,2023,9,Austrian Grand Prix,red_bull_ring,Red Bull Ring,47.2197,14.7647,Spielberg,Austria,2023-07-02,13:00:00Z,2023-07-01
bottas,alfa,0,14,15,65.68,2023,9,Austrian Grand Prix,red_bull_ring,Red Bull Ring,47.2197,14.7647,Spielberg,Austria,2023-07-02,13:00:00Z,2023-07-01
piastri,mclaren,0,13,16,65.605,2023,9,Austrian Grand Prix,red_bull_ring,Red Bull Ring,47.2197,14.7647,Spielberg,Austria,2023-07-02,13:00:00Z,2023-07-01
de_vries,alphatauri,0,20,17,65.974,2023,9,Austrian Grand Prix,red_bull_ring,Red Bull Ring,47.2197,14.7647,Spielberg,Austria,2023-07-02,13:00:00Z,2023-07-01
kevin_magnussen,haas,0,19,18,65.971,2023,9,Austrian Grand Prix,red_bull_ring,Red Bull Ring,47.2197,14.7647,Spielberg,Austria,2023-07-02,13:00:00Z,2023-07-01
tsunoda,alphatauri,0,16,19,65.784,2023,9,Austrian Grand Prix,red_bull_ring,Red Bull Ring,47.2197,14.7647,Spielberg,Austria,2023-07-02,13:00:00Z,2023-07-01
hulkenberg,haas,0,8,20,65.09,2023,9,Austrian Grand Prix,red_bull_ring,Red Bull Ring,47.2197,14.7647,Spielberg,Austria,2023-07-02,13:00:00Z,2023-07-01
max_verstappen,red_bull,26,1,1,86.72,2023,10,British Grand Prix,silverstone,Silverstone Circuit,52.0786,-1.01694,Silverstone,UK,2023-07-09,14:00:00Z,NA
norris,mclaren,18,2,2,86.961,2023,10,British Grand Prix,silverstone,Silverstone Circuit,52.0786,-1.01694,Silverstone,UK,2023-07-09,14:00:00Z,NA
hamilton,mercedes,15,7,3,87.211,2023,10,British Grand Prix,silverstone,Silverstone Circuit,52.0786,-1.01694,Silverstone,UK,2023-07-09,14:00:00Z,NA
piastri,mclaren,12,3,4,87.092,2023,10,British Grand Prix,silverstone,Silverstone Circuit,52.0786,-1.01694,Silverstone,UK,2023-07-09,14:00:00Z,NA
russell,mercedes,10,6,5,87.155,2023,10,British Grand Prix,silverstone,Silverstone Circuit,52.0786,-1.01694,Silverstone,UK,2023-07-09,14:00:00Z,NA
perez,red_bull,8,15,6,89.968,2023,10,British Grand Prix,silverstone,Silverstone Circuit,52.0786,-1.01694,Silverstone,UK,2023-07-09,14:00:00Z,NA
alonso,aston_martin,6,9,7,87.65899999999999,2023,10,British Grand Prix,silverstone,Silverstone Circuit,52.0786,-1.01694,Silverstone,UK,2023-07-09,14:00:00Z,NA
albon,williams,4,8,8,87.53,2023,10,British Grand Prix,silverstone,Silverstone Circuit,52.0786,-1.01694,Silverstone,UK,2023-07-09,14:00:00Z,NA
leclerc,ferrari,2,4,9,87.136,2023,10,British Grand Prix,silverstone,Silverstone Circuit,52.0786,-1.01694,Silverstone,UK,2023-07-09,14:00:00Z,NA
sainz,ferrari,1,5,10,87.148,2023,10,British Grand Prix,silverstone,Silverstone Circuit,52.0786,-1.01694,Silverstone,UK,2023-07-09,14:00:00Z,NA
sargeant,williams,0,14,11,89.031,2023,10,British Grand Prix,silverstone,Silverstone Circuit,52.0786,-1.01694,Silverstone,UK,2023-07-09,14:00:00Z,NA
bottas,alfa,0,20,12,89.798,2023,10,British Grand Prix,silverstone,Silverstone Circuit,52.0786,-1.01694,Silverstone,UK,2023-07-09,14:00:00Z,NA
hulkenberg,haas,0,11,13,88.896,2023,10,British Grand Prix,silverstone,Silverstone Circuit,52.0786,-1.01694,Silverstone,UK,2023-07-09,14:00:00Z,NA
stroll,aston_martin,0,12,14,88.935,2023,10,British Grand Prix,silverstone,Silverstone Circuit,52.0786,-1.01694,Silverstone,UK,2023-07-09,14:00:00Z,NA
zhou,alfa,0,17,15,90.123,2023,10,British Grand Prix,silverstone,Silverstone Circuit,52.0786,-1.01694,Silverstone,UK,2023-07-09,14:00:00Z,NA
tsunoda,alphatauri,0,16,16,90.025,2023,10,British Grand Prix,silverstone,Silverstone Circuit,52.0786,-1.01694,Silverstone,UK,2023-07-09,14:00:00Z,NA
de_vries,alphatauri,0,18,17,90.513,2023,10,British Grand Prix,silverstone,Silverstone Circuit,52.0786,-1.01694,Silverstone,UK,2023-07-09,14:00:00Z,NA
gasly,alpine,0,10,18,87.689,2023,10,British Grand Prix,silverstone,Silverstone Circuit,52.0786,-1.01694,Silverstone,UK,2023-07-09,14:00:00Z,NA
kevin_magnussen,haas,0,19,19,92.378,2023,10,British Grand Prix,silverstone,Silverstone Circuit,52.0786,-1.01694,Silverstone,UK,2023-07-09,14:00:00Z,NA
ocon,alpine,0,13,20,88.956,2023,10,British Grand Prix,silverstone,Silverstone Circuit,52.0786,-1.01694,Silverstone,UK,2023-07-09,14:00:00Z,NA
max_verstappen,red_bull,26,2,1,76.612,2023,11,Hungarian Grand Prix,hungaroring,Hungaroring,47.5789,19.2486,Budapest,Hungary,2023-07-23,13:00:00Z,NA
norris,mclaren,18,3,2,76.694,2023,11,Hungarian Grand Prix,hungaroring,Hungaroring,47.5789,19.2486,Budapest,Hungary,2023-07-23,13:00:00Z,NA
perez,red_bull,15,9,3,77.045,2023,11,Hungarian Grand Prix,hungaroring,Hungaroring,47.5789,19.2486,Budapest,Hungary,2023-07-23,13:00:00Z,NA
hamilton,mercedes,12,1,4,76.60900000000001,2023,11,Hungarian Grand Prix,hungaroring,Hungaroring,47.5789,19.2486,Budapest,Hungary,2023-07-23,13:00:00Z,NA
piastri,mclaren,10,4,5,76.905,2023,11,Hungarian Grand Prix,hungaroring,Hungaroring,47.5789,19.2486,Budapest,Hungary,2023-07-23,13:00:00Z,NA
russell,mercedes,8,18,6,79.027,2023,11,Hungarian Grand Prix,hungaroring,Hungaroring,47.5789,19.2486,Budapest,Hungary,2023-07-23,13:00:00Z,NA
leclerc,ferrari,6,6,7,76.992,2023,11,Hungarian Grand Prix,hungaroring,Hungaroring,47.5789,19.2486,Budapest,Hungary,2023-07-23,13:00:00Z,NA
sainz,ferrari,4,11,8,77.703,2023,11,Hungarian Grand Prix,hungaroring,Hungaroring,47.5789,19.2486,Budapest,Hungary,2023-07-23,13:00:00Z,NA
alonso,aston_martin,2,8,9,77.035,2023,11,Hungarian Grand Prix,hungaroring,Hungaroring,47.5789,19.2486,Budapest,Hungary,2023-07-23,13:00:00Z,NA
stroll,aston_martin,1,14,10,78.144,2023,11,Hungarian Grand Prix,hungaroring,Hungaroring,47.5789,19.2486,Budapest,Hungary,2023-07-23,13:00:00Z,NA
albon,williams,0,16,11,78.917,2023,11,Hungarian Grand Prix,hungaroring,Hungaroring,47.5789,19.2486,Budapest,Hungary,2023-07-23,13:00:00Z,NA
bottas,alfa,0,7,12,77.03399999999999,2023,11,Hungarian Grand Prix,hungaroring,Hungaroring,47.5789,19.2486,Budapest,Hungary,2023-07-23,13:00:00Z,NA
ricciardo,alphatauri,0,13,13,78.002,2023,11,Hungarian Grand Prix,hungaroring,Hungaroring,47.5789,19.2486,Budapest,Hungary,2023-07-23,13:00:00Z,NA
hulkenberg,haas,0,10,14,77.186,2023,11,Hungarian Grand Prix,hungaroring,Hungaroring,47.5789,19.2486,Budapest,Hungary,2023-07-23,13:00:00Z,NA
tsunoda,alphatauri,0,17,15,78.919,2023,11,Hungarian Grand Prix,hungaroring,Hungaroring,47.5789,19.2486,Budapest,Hungary,2023-07-23,13:00:00Z,NA
zhou,alfa,0,5,16,76.971,2023,11,Hungarian Grand Prix,hungaroring,Hungaroring,47.5789,19.2486,Budapest,Hungary,2023-07-23,13:00:00Z,NA
kevin_magnussen,haas,0,19,17,79.206,2023,11,Hungarian Grand Prix,hungaroring,Hungaroring,47.5789,19.2486,Budapest,Hungary,2023-07-23,13:00:00Z,NA
sargeant,williams,0,20,18,79.248,2023,11,Hungarian Grand Prix,hungaroring,Hungaroring,47.5789,19.2486,Budapest,Hungary,2023-07-23,13:00:00Z,NA
ocon,alpine,0,12,19,77.84100000000001,2023,11,Hungarian Grand Prix,hungaroring,Hungaroring,47.5789,19.2486,Budapest,Hungary,2023-07-23,13:00:00Z,NA
gasly,alpine,0,15,20,78.217,2023,11,Hungarian Grand Prix,hungaroring,Hungaroring,47.5789,19.2486,Budapest,Hungary,2023-07-23,13:00:00Z,NA
max_verstappen,red_bull,25,6,1,106.168,2023,12,Belgian Grand Prix,spa,Circuit de Spa-Francorchamps,50.4372,5.97139,Spa,Belgium,2023-07-30,13:00:00Z,2023-07-29
perez,red_bull,18,2,2,107.045,2023,12,Belgian Grand Prix,spa,Circuit de Spa-Francorchamps,50.4372,5.97139,Spa,Belgium,2023-07-30,13:00:00Z,2023-07-29
leclerc,ferrari,15,1,3,106.988,2023,12,Belgian Grand Prix,spa,Circuit de Spa-Francorchamps,50.4372,5.97139,Spa,Belgium,2023-07-30,13:00:00Z,2023-07-29
hamilton,mercedes,13,3,4,107.087,2023,12,Belgian Grand Prix,spa,Circuit de Spa-Francorchamps,50.4372,5.97139,Spa,Belgium,2023-07-30,13:00:00Z,2023-07-29
alonso,aston_martin,10,9,5,107.843,2023,12,Belgian Grand Prix,spa,Circuit de Spa-Francorchamps,50.4372,5.97139,Spa,Belgium,2023-07-30,13:00:00Z,2023-07-29
russell,mercedes,8,8,6,107.805,2023,12,Belgian Grand Prix,spa,Circuit de Spa-Francorchamps,50.4372,5.97139,Spa,Belgium,2023-07-30,13:00:00Z,2023-07-29
norris,mclaren,6,7,7,107.669,2023,12,Belgian Grand Prix,spa,Circuit de Spa-Francorchamps,50.4372,5.97139,Spa,Belgium,2023-07-30,13:00:00Z,2023-07-29
ocon,alpine,4,14,8,116.372,2023,12,Belgian Grand Prix,spa,Circuit de Spa-Francorchamps,50.4372,5.97139,Spa,Belgium,2023-07-30,13:00:00Z,2023-07-29
stroll,aston_martin,2,10,9,108.84100000000001,2023,12,Belgian Grand Prix,spa,Circuit de Spa-Francorchamps,50.4372,5.97139,Spa,Belgium,2023-07-30,13:00:00Z,2023-07-29
tsunoda,alphatauri,1,11,10,113.148,2023,12,Belgian Grand Prix,spa,Circuit de Spa-Francorchamps,50.4372,5.97139,Spa,Belgium,2023-07-30,13:00:00Z,2023-07-29
gasly,alpine,0,12,11,113.67099999999999,2023,12,Belgian Grand Prix,spa,Circuit de Spa-Francorchamps,50.4372,5.97139,Spa,Belgium,2023-07-30,13:00:00Z,2023-07-29
bottas,alfa,0,13,12,114.694,2023,12,Belgian Grand Prix,spa,Circuit de Spa-Francorchamps,50.4372,5.97139,Spa,Belgium,2023-07-30,13:00:00Z,2023-07-29
zhou,alfa,0,17,13,120.832,2023,12,Belgian Grand Prix,spa,Circuit de Spa-Francorchamps,50.4372,5.97139,Spa,Belgium,2023-07-30,13:00:00Z,2023-07-29
albon,williams,0,15,14,120.314,2023,12,Belgian Grand Prix,spa,Circuit de Spa-Francorchamps,50.4372,5.97139,Spa,Belgium,2023-07-30,13:00:00Z,2023-07-29
kevin_magnussen,haas,0,16,15,114.16,2023,12,Belgian Grand Prix,spa,Circuit de Spa-Francorchamps,50.4372,5.97139,Spa,Belgium,2023-07-30,13:00:00Z,2023-07-29
ricciardo,alphatauri,0,19,16,122.159,2023,12,Belgian Grand Prix,spa,Circuit de Spa-Francorchamps,50.4372,5.97139,Spa,Belgium,2023-07-30,13:00:00Z,2023-07-29
sargeant,williams,0,18,17,121.535,2023,12,Belgian Grand Prix,spa,Circuit de Spa-Francorchamps,50.4372,5.97139,Spa,Belgium,2023-07-30,13:00:00Z,2023-07-29
hulkenberg,haas,0,20,18,123.166,2023,12,Belgian Grand Prix,spa,Circuit de Spa-Francorchamps,50.4372,5.97139,Spa,Belgium,2023-07-30,13:00:00Z,2023-07-29
sainz,ferrari,0,4,19,107.152,2023,12,Belgian Grand Prix,spa,Circuit de Spa-Francorchamps,50.4372,5.97139,Spa,Belgium,2023-07-30,13:00:00Z,2023-07-29
piastri,mclaren,0,5,20,107.36500000000001,2023,12,Belgian Grand Prix,spa,Circuit de Spa-Francorchamps,50.4372,5.97139,Spa,Belgium,2023-07-30,13:00:00Z,2023-07-29
max_verstappen,red_bull,25,1,1,70.56700000000001,2023,13,Dutch Grand Prix,zandvoort,Circuit Park Zandvoort,52.3888,4.54092,Zandvoort,Netherlands,2023-08-27,13:00:00Z,NA
alonso,aston_martin,19,5,2,71.506,2023,13,Dutch Grand Prix,zandvoort,Circuit Park Zandvoort,52.3888,4.54092,Zandvoort,Netherlands,2023-08-27,13:00:00Z,NA
gasly,alpine,15,12,3,80.128,2023,13,Dutch Grand Prix,zandvoort,Circuit Park Zandvoort,52.3888,4.54092,Zandvoort,Netherlands,2023-08-27,13:00:00Z,NA
perez,red_bull,12,7,4,71.88,2023,13,Dutch Grand Prix,zandvoort,Circuit Park Zandvoort,52.3888,4.54092,Zandvoort,Netherlands,2023-08-27,13:00:00Z,NA
sainz,ferrari,10,6,5,71.754,2023,13,Dutch Grand Prix,zandvoort,Circuit Park Zandvoort,52.3888,4.54092,Zandvoort,Netherlands,2023-08-27,13:00:00Z,NA
hamilton,mercedes,8,13,6,80.151,2023,13,Dutch Grand Prix,zandvoort,Circuit Park Zandvoort,52.3888,4.54092,Zandvoort,Netherlands,2023-08-27,13:00:00Z,NA
norris,mclaren,6,2,7,71.104,2023,13,Dutch Grand Prix,zandvoort,Circuit Park Zandvoort,52.3888,4.54092,Zandvoort,Netherlands,2023-08-27,13:00:00Z,NA
albon,williams,4,4,8,71.419,2023,13,Dutch Grand Prix,zandvoort,Circuit Park Zandvoort,52.3888,4.54092,Zandvoort,Netherlands,2023-08-27,13:00:00Z,NA
piastri,mclaren,2,8,9,71.938,2023,13,Dutch Grand Prix,zandvoort,Circuit Park Zandvoort,52.3888,4.54092,Zandvoort,Netherlands,2023-08-27,13:00:00Z,NA
ocon,alpine,1,16,10,82.11,2023,13,Dutch Grand Prix,zandvoort,Circuit Park Zandvoort,52.3888,4.54092,Zandvoort,Netherlands,2023-08-27,13:00:00Z,NA
stroll,aston_martin,0,11,11,80.121,2023,13,Dutch Grand Prix,zandvoort,Circuit Park Zandvoort,52.3888,4.54092,Zandvoort,Netherlands,2023-08-27,13:00:00Z,NA
hulkenberg,haas,0,14,12,80.25,2023,13,Dutch Grand Prix,zandvoort,Circuit Park Zandvoort,52.3888,4.54092,Zandvoort,Netherlands,2023-08-27,13:00:00Z,NA
lawson,alphatauri,0,19,13,83.42,2023,13,Dutch Grand Prix,zandvoort,Circuit Park Zandvoort,52.3888,4.54092,Zandvoort,Netherlands,2023-08-27,13:00:00Z,NA
bottas,alfa,0,18,14,82.26,2023,13,Dutch Grand Prix,zandvoort,Circuit Park Zandvoort,52.3888,4.54092,Zandvoort,Netherlands,2023-08-27,13:00:00Z,NA
tsunoda,alphatauri,0,17,15,80.23,2023,13,Dutch Grand Prix,zandvoort,Circuit Park Zandvoort,52.3888,4.54092,Zandvoort,Netherlands,2023-08-27,13:00:00Z,NA
kevin_magnussen,haas,0,0,16,82.19200000000001,2023,13,Dutch Grand Prix,zandvoort,Circuit Park Zandvoort,52.3888,4.54092,Zandvoort,Netherlands,2023-08-27,13:00:00Z,NA
russell,mercedes,0,3,17,71.294,2023,13,Dutch Grand Prix,zandvoort,Circuit Park Zandvoort,52.3888,4.54092,Zandvoort,Netherlands,2023-08-27,13:00:00Z,NA
zhou,alfa,0,15,18,82.06700000000001,2023,13,Dutch Grand Prix,zandvoort,Circuit Park Zandvoort,52.3888,4.54092,Zandvoort,Netherlands,2023-08-27,13:00:00Z,NA
leclerc,ferrari,0,9,19,72.66499999999999,2023,13,Dutch Grand Prix,zandvoort,Circuit Park Zandvoort,52.3888,4.54092,Zandvoort,Netherlands,2023-08-27,13:00:00Z,NA
sargeant,williams,0,10,20,76.748,2023,13,Dutch Grand Prix,zandvoort,Circuit Park Zandvoort,52.3888,4.54092,Zandvoort,Netherlands,2023-08-27,13:00:00Z,NA
max_verstappen,red_bull,25,2,1,80.307,2023,14,Italian Grand Prix,monza,Autodromo Nazionale di Monza,45.6156,9.28111,Monza,Italy,2023-09-03,13:00:00Z,NA
perez,red_bull,18,5,2,80.688,2023,14,Italian Grand Prix,monza,Autodromo Nazionale di Monza,45.6156,9.28111,Monza,Italy,2023-09-03,13:00:00Z,NA
sainz,ferrari,15,1,3,80.294,2023,14,Italian Grand Prix,monza,Autodromo Nazionale di Monza,45.6156,9.28111,Monza,Italy,2023-09-03,13:00:00Z,NA
leclerc,ferrari,12,3,4,80.361,2023,14,Italian Grand Prix,monza,Autodromo Nazionale di Monza,45.6156,9.28111,Monza,Italy,2023-09-03,13:00:00Z,NA
russell,mercedes,10,4,5,80.67099999999999,2023,14,Italian Grand Prix,monza,Autodromo Nazionale di Monza,45.6156,9.28111,Monza,Italy,2023-09-03,13:00:00Z,NA
hamilton,mercedes,8,8,6,80.82,2023,14,Italian Grand Prix,monza,Autodromo Nazionale di Monza,45.6156,9.28111,Monza,Italy,2023-09-03,13:00:00Z,NA
albon,williams,6,6,7,80.76,2023,14,Italian Grand Prix,monza,Autodromo Nazionale di Monza,45.6156,9.28111,Monza,Italy,2023-09-03,13:00:00Z,NA
norris,mclaren,4,9,8,80.979,2023,14,Italian Grand Prix,monza,Autodromo Nazionale di Monza,45.6156,9.28111,Monza,Italy,2023-09-03,13:00:00Z,NA
alonso,aston_martin,2,10,9,81.417,2023,14,Italian Grand Prix,monza,Autodromo Nazionale di Monza,45.6156,9.28111,Monza,Italy,2023-09-03,13:00:00Z,NA
bottas,alfa,1,14,10,81.94,2023,14,Italian Grand Prix,monza,Autodromo Nazionale di Monza,45.6156,9.28111,Monza,Italy,2023-09-03,13:00:00Z,NA
lawson,alphatauri,0,12,11,81.758,2023,14,Italian Grand Prix,monza,Autodromo Nazionale di Monza,45.6156,9.28111,Monza,Italy,2023-09-03,13:00:00Z,NA
piastri,mclaren,0,7,12,80.785,2023,14,Italian Grand Prix,monza,Autodromo Nazionale di Monza,45.6156,9.28111,Monza,Italy,2023-09-03,13:00:00Z,NA
sargeant,williams,0,15,13,81.93,2023,14,Italian Grand Prix,monza,Autodromo Nazionale di Monza,45.6156,9.28111,Monza,Italy,2023-09-03,13:00:00Z,NA
zhou,alfa,0,16,14,82.39,2023,14,Italian Grand Prix,monza,Autodromo Nazionale di Monza,45.6156,9.28111,Monza,Italy,2023-09-03,13:00:00Z,NA
gasly,alpine,0,17,15,82.545,2023,14,Italian Grand Prix,monza,Autodromo Nazionale di Monza,45.6156,9.28111,Monza,Italy,2023-09-03,13:00:00Z,NA
stroll,aston_martin,0,20,16,82.86,2023,14,Italian Grand Prix,monza,Autodromo Nazionale di Monza,45.6156,9.28111,Monza,Italy,2023-09-03,13:00:00Z,NA
hulkenberg,haas,0,13,17,81.776,2023,14,Italian Grand Prix,monza,Autodromo Nazionale di Monza,45.6156,9.28111,Monza,Italy,2023-09-03,13:00:00Z,NA
kevin_magnussen,haas,0,19,18,82.592,2023,14,Italian Grand Prix,monza,Autodromo Nazionale di Monza,45.6156,9.28111,Monza,Italy,2023-09-03,13:00:00Z,NA
ocon,alpine,0,18,19,82.548,2023,14,Italian Grand Prix,monza,Autodromo Nazionale di Monza,45.6156,9.28111,Monza,Italy,2023-09-03,13:00:00Z,NA
tsunoda,alphatauri,0,11,20,81.594,2023,14,Italian Grand Prix,monza,Autodromo Nazionale di Monza,45.6156,9.28111,Monza,Italy,2023-09-03,13:00:00Z,NA
sainz,ferrari,25,1,1,90.98400000000001,2023,15,Singapore Grand Prix,marina_bay,Marina Bay Street Circuit,1.2914,103.864,Marina Bay,Singapore,2023-09-17,12:00:00Z,NA
norris,mclaren,18,4,2,91.27,2023,15,Singapore Grand Prix,marina_bay,Marina Bay Street Circuit,1.2914,103.864,Marina Bay,Singapore,2023-09-17,12:00:00Z,NA
hamilton,mercedes,16,5,3,91.485,2023,15,Singapore Grand Prix,marina_bay,Marina Bay Street Circuit,1.2914,103.864,Marina Bay,Singapore,2023-09-17,12:00:00Z,NA
leclerc,ferrari,12,3,4,91.063,2023,15,Singapore Grand Prix,marina_bay,Marina Bay Street Circuit,1.2914,103.864,Marina Bay,Singapore,2023-09-17,12:00:00Z,NA
max_verstappen,red_bull,10,11,5,92.173,2023,15,Singapore Grand Prix,marina_bay,Marina Bay Street Circuit,1.2914,103.864,Marina Bay,Singapore,2023-09-17,12:00:00Z,NA
gasly,alpine,8,12,6,92.274,2023,15,Singapore Grand Prix,marina_bay,Marina Bay Street Circuit,1.2914,103.864,Marina Bay,Singapore,2023-09-17,12:00:00Z,NA
piastri,mclaren,6,17,7,92.902,2023,15,Singapore Grand Prix,marina_bay,Marina Bay Street Circuit,1.2914,103.864,Marina Bay,Singapore,2023-09-17,12:00:00Z,NA
perez,red_bull,4,13,8,92.09899999999999,2023,15,Singapore Grand Prix,marina_bay,Marina Bay Street Circuit,1.2914,103.864,Marina Bay,Singapore,2023-09-17,12:00:00Z,NA
lawson,alphatauri,2,10,9,92.166,2023,15,Singapore Grand Prix,marina_bay,Marina Bay Street Circuit,1.2914,103.864,Marina Bay,Singapore,2023-09-17,12:00:00Z,NA
kevin_magnussen,haas,1,6,10,91.575,2023,15,Singapore Grand Prix,marina_bay,Marina Bay Street Circuit,1.2914,103.864,Marina Bay,Singapore,2023-09-17,12:00:00Z,NA
albon,williams,0,14,11,92.668,2023,15,Singapore Grand Prix,marina_bay,Marina Bay Street Circuit,1.2914,103.864,Marina Bay,Singapore,2023-09-17,12:00:00Z,NA
zhou,alfa,0,19,12,93.25800000000001,2023,15,Singapore Grand Prix,marina_bay,Marina Bay Street Circuit,1.2914,103.864,Marina Bay,Singapore,2023-09-17,12:00:00Z,NA
hulkenberg,haas,0,9,13,91.80799999999999,2023,15,Singapore Grand Prix,marina_bay,Marina Bay Street Circuit,1.2914,103.864,Marina Bay,Singapore,2023-09-17,12:00:00Z,NA
sargeant,williams,0,18,14,93.25200000000001,2023,15,Singapore Grand Prix,marina_bay,Marina Bay Street Circuit,1.2914,103.864,Marina Bay,Singapore,2023-09-17,12:00:00Z,NA
alonso,aston_martin,0,7,15,91.615,2023,15,Singapore Grand Prix,marina_bay,Marina Bay Street Circuit,1.2914,103.864,Marina Bay,Singapore,2023-09-17,12:00:00Z,NA
russell,mercedes,0,2,16,91.056,2023,15,Singapore Grand Prix,marina_bay,Marina Bay Street Circuit,1.2914,103.864,Marina Bay,Singapore,2023-09-17,12:00:00Z,NA
bottas,alfa,0,16,17,92.809,2023,15,Singapore Grand Prix,marina_bay,Marina Bay Street Circuit,1.2914,103.864,Marina Bay,Singapore,2023-09-17,12:00:00Z,NA
ocon,alpine,0,8,18,91.673,2023,15,Singapore Grand Prix,marina_bay,Marina Bay Street Circuit,1.2914,103.864,Marina Bay,Singapore,2023-09-17,12:00:00Z,NA
tsunoda,alphatauri,0,15,19,91.991,2023,15,Singapore Grand Prix,marina_bay,Marina Bay Street Circuit,1.2914,103.864,Marina Bay,Singapore,2023-09-17,12:00:00Z,NA
stroll,aston_martin,0,0,20,93.39699999999999,2023,15,Singapore Grand Prix,marina_bay,Marina Bay Street Circuit,1.2914,103.864,Marina Bay,Singapore,2023-09-17,12:00:00Z,NA
max_verstappen,red_bull,26,1,1,88.877,2023,16,Japanese Grand Prix,suzuka,Suzuka Circuit,34.8431,136.541,Suzuka,Japan,2023-09-24,05:00:00Z,NA
norris,mclaren,18,3,2,89.493,2023,16,Japanese Grand Prix,suzuka,Suzuka Circuit,34.8431,136.541,Suzuka,Japan,2023-09-24,05:00:00Z,NA
piastri,mclaren,15,2,3,89.458,2023,16,Japanese Grand Prix,suzuka,Suzuka Circuit,34.8431,136.541,Suzuka,Japan,2023-09-24,05:00:00Z,NA
leclerc,ferrari,12,4,4,89.542,2023,16,Japanese Grand Prix,suzuka,Suzuka Circuit,34.8431,136.541,Suzuka,Japan,2023-09-24,05:00:00Z,NA
hamilton,mercedes,10,7,5,89.908,2023,16,Japanese Grand Prix,suzuka,Suzuka Circuit,34.8431,136.541,Suzuka,Japan,2023-09-24,05:00:00Z,NA
sainz,ferrari,8,6,6,89.85,2023,16,Japanese Grand Prix,suzuka,Suzuka Circuit,34.8431,136.541,Suzuka,Japan,2023-09-24,05:00:00Z,NA
russell,mercedes,6,8,7,90.219,2023,16,Japanese Grand Prix,suzuka,Suzuka Circuit,34.8431,136.541,Suzuka,Japan,2023-09-24,05:00:00Z,NA
alonso,aston_martin,4,10,8,90.465,2023,16,Japanese Grand Prix,suzuka,Suzuka Circuit,34.8431,136.541,Suzuka,Japan,2023-09-24,05:00:00Z,NA
ocon,alpine,2,14,9,90.586,2023,16,Japanese Grand Prix,suzuka,Suzuka Circuit,34.8431,136.541,Suzuka,Japan,2023-09-24,05:00:00Z,NA
gasly,alpine,1,12,10,90.509,2023,16,Japanese Grand Prix,suzuka,Suzuka Circuit,34.8431,136.541,Suzuka,Japan,2023-09-24,05:00:00Z,NA
lawson,alphatauri,0,11,11,90.425,2023,16,Japanese Grand Prix,suzuka,Suzuka Circuit,34.8431,136.541,Suzuka,Japan,2023-09-24,05:00:00Z,NA
tsunoda,alphatauri,0,9,12,90.20400000000001,2023,16,Japanese Grand Prix,suzuka,Suzuka Circuit,34.8431,136.541,Suzuka,Japan,2023-09-24,05:00:00Z,NA
zhou,alfa,0,19,13,91.398,2023,16,Japanese Grand Prix,suzuka,Suzuka Circuit,34.8431,136.541,Suzuka,Japan,2023-09-24,05:00:00Z,NA
hulkenberg,haas,0,18,14,91.299,2023,16,Japanese Grand Prix,suzuka,Suzuka Circuit,34.8431,136.541,Suzuka,Japan,2023-09-24,05:00:00Z,NA
kevin_magnussen,haas,0,15,15,90.66499999999999,2023,16,Japanese Grand Prix,suzuka,Suzuka Circuit,34.8431,136.541,Suzuka,Japan,2023-09-24,05:00:00Z,NA
albon,williams,0,13,16,90.537,2023,16,Japanese Grand Prix,suzuka,Suzuka Circuit,34.8431,136.541,Suzuka,Japan,2023-09-24,05:00:00Z,NA
sargeant,williams,0,20,17,Inf,2023,16,Japanese Grand Prix,suzuka,Suzuka Circuit,34.8431,136.541,Suzuka,Japan,2023-09-24,05:00:00Z,NA
stroll,aston_martin,0,17,18,91.181,2023,16,Japanese Grand Prix,suzuka,Suzuka Circuit,34.8431,136.541,Suzuka,Japan,2023-09-24,05:00:00Z,NA
perez,red_bull,0,5,19,89.65,2023,16,Japanese Grand Prix,suzuka,Suzuka Circuit,34.8431,136.541,Suzuka,Japan,2023-09-24,05:00:00Z,NA
bottas,alfa,0,16,20,91.049,2023,16,Japanese Grand Prix,suzuka,Suzuka Circuit,34.8431,136.541,Suzuka,Japan,2023-09-24,05:00:00Z,NA
max_verstappen,red_bull,26,1,1,83.77799999999999,2023,17,Qatar Grand Prix,losail,Losail International Circuit,25.49,51.4542,Lusail,Qatar,2023-10-08,17:00:00Z,2023-10-07
piastri,mclaren,18,6,2,84.53999999999999,2023,17,Qatar Grand Prix,losail,Losail International Circuit,25.49,51.4542,Lusail,Qatar,2023-10-08,17:00:00Z,2023-10-07
norris,mclaren,15,10,3,84.685,2023,17,Qatar Grand Prix,losail,Losail International Circuit,25.49,51.4542,Lusail,Qatar,2023-10-08,17:00:00Z,2023-10-07
russell,mercedes,12,2,4,84.219,2023,17,Qatar Grand Prix,losail,Losail International Circuit,25.49,51.4542,Lusail,Qatar,2023-10-08,17:00:00Z,2023-10-07
leclerc,ferrari,10,5,5,84.424,2023,17,Qatar Grand Prix,losail,Losail International Circuit,25.49,51.4542,Lusail,Qatar,2023-10-08,17:00:00Z,2023-10-07
alonso,aston_martin,8,4,6,84.369,2023,17,Qatar Grand Prix,losail,Losail International Circuit,25.49,51.4542,Lusail,Qatar,2023-10-08,17:00:00Z,2023-10-07
ocon,alpine,6,8,7,84.763,2023,17,Qatar Grand Prix,losail,Losail International Circuit,25.49,51.4542,Lusail,Qatar,2023-10-08,17:00:00Z,2023-10-07
bottas,alfa,4,9,8,85.05799999999999,2023,17,Qatar Grand Prix,losail,Losail International Circuit,25.49,51.4542,Lusail,Qatar,2023-10-08,17:00:00Z,2023-10-07
zhou,alfa,2,19,9,87.432,2023,17,Qatar Grand Prix,losail,Losail International Circuit,25.49,51.4542,Lusail,Qatar,2023-10-08,17:00:00Z,2023-10-07
perez,red_bull,1,20,10,85.462,2023,17,Qatar Grand Prix,losail,Losail International Circuit,25.49,51.4542,Lusail,Qatar,2023-10-08,17:00:00Z,2023-10-07
stroll,aston_martin,0,16,11,86.345,2023,17,Qatar Grand Prix,losail,Losail International Circuit,25.49,51.4542,Lusail,Qatar,2023-10-08,17:00:00Z,2023-10-07
gasly,alpine,0,7,12,84.553,2023,17,Qatar Grand Prix,losail,Losail International Circuit,25.49,51.4542,Lusail,Qatar,2023-10-08,17:00:00Z,2023-10-07
albon,williams,0,13,13,85.707,2023,17,Qatar Grand Prix,losail,Losail International Circuit,25.49,51.4542,Lusail,Qatar,2023-10-08,17:00:00Z,2023-10-07
kevin_magnussen,haas,0,18,14,87.04599999999999,2023,17,Qatar Grand Prix,losail,Losail International Circuit,25.49,51.4542,Lusail,Qatar,2023-10-08,17:00:00Z,2023-10-07
tsunoda,alphatauri,0,11,15,85.301,2023,17,Qatar Grand Prix,losail,Losail International Circuit,25.49,51.4542,Lusail,Qatar,2023-10-08,17:00:00Z,2023-10-07
hulkenberg,haas,0,14,16,85.783,2023,17,Qatar Grand Prix,losail,Losail International Circuit,25.49,51.4542,Lusail,Qatar,2023-10-08,17:00:00Z,2023-10-07
lawson,alphatauri,0,17,17,86.635,2023,17,Qatar Grand Prix,losail,Losail International Circuit,25.49,51.4542,Lusail,Qatar,2023-10-08,17:00:00Z,2023-10-07
sargeant,williams,0,15,18,86.21000000000001,2023,17,Qatar Grand Prix,losail,Losail International Circuit,25.49,51.4542,Lusail,Qatar,2023-10-08,17:00:00Z,2023-10-07
hamilton,mercedes,0,3,19,84.305,2023,17,Qatar Grand Prix,losail,Losail International Circuit,25.49,51.4542,Lusail,Qatar,2023-10-08,17:00:00Z,2023-10-07
sainz,ferrari,0,12,20,85.328,2023,17,Qatar Grand Prix,losail,Losail International Circuit,25.49,51.4542,Lusail,Qatar,2023-10-08,17:00:00Z,2023-10-07
max_verstappen,red_bull,25,6,1,95.00800000000001,2023,18,United States Grand Prix,americas,Circuit of the Americas,30.1328,-97.6411,Austin,USA,2023-10-22,19:00:00Z,2023-10-21
norris,mclaren,18,2,2,94.85300000000001,2023,18,United States Grand Prix,americas,Circuit of the Americas,30.1328,-97.6411,Austin,USA,2023-10-22,19:00:00Z,2023-10-21
sainz,ferrari,15,4,3,94.945,2023,18,United States Grand Prix,americas,Circuit of the Americas,30.1328,-97.6411,Austin,USA,2023-10-22,19:00:00Z,2023-10-21
perez,red_bull,12,9,4,95.173,2023,18,United States Grand Prix,americas,Circuit of the Americas,30.1328,-97.6411,Austin,USA,2023-10-22,19:00:00Z,2023-10-21
russell,mercedes,10,5,5,95.07900000000001,2023,18,United States Grand Prix,americas,Circuit of the Americas,30.1328,-97.6411,Austin,USA,2023-10-22,19:00:00Z,2023-10-21
gasly,alpine,8,7,6,95.089,2023,18,United States Grand Prix,americas,Circuit of the Americas,30.1328,-97.6411,Austin,USA,2023-10-22,19:00:00Z,2023-10-21
stroll,aston_martin,6,20,7,96.589,2023,18,United States Grand Prix,americas,Circuit of the Americas,30.1328,-97.6411,Austin,USA,2023-10-22,19:00:00Z,2023-10-21
tsunoda,alphatauri,5,11,8,95.697,2023,18,United States Grand Prix,americas,Circuit of the Americas,30.1328,-97.6411,Austin,USA,2023-10-22,19:00:00Z,2023-10-21
albon,williams,2,15,9,96.315,2023,18,United States Grand Prix,americas,Circuit of the Americas,30.1328,-97.6411,Austin,USA,2023-10-22,19:00:00Z,2023-10-21
sargeant,williams,1,16,10,96.827,2023,18,United States Grand Prix,americas,Circuit of the Americas,30.1328,-97.6411,Austin,USA,2023-10-22,19:00:00Z,2023-10-21
hulkenberg,haas,0,18,11,96.235,2023,18,United States Grand Prix,americas,Circuit of the Americas,30.1328,-97.6411,Austin,USA,2023-10-22,19:00:00Z,2023-10-21
bottas,alfa,0,13,12,95.858,2023,18,United States Grand Prix,americas,Circuit of the Americas,30.1328,-97.6411,Austin,USA,2023-10-22,19:00:00Z,2023-10-21
zhou,alfa,0,12,13,95.69800000000001,2023,18,United States Grand Prix,americas,Circuit of the Americas,30.1328,-97.6411,Austin,USA,2023-10-22,19:00:00Z,2023-10-21
kevin_magnussen,haas,0,17,14,95.88,2023,18,United States Grand Prix,americas,Circuit of the Americas,30.1328,-97.6411,Austin,USA,2023-10-22,19:00:00Z,2023-10-21
ricciardo,alphatauri,0,14,15,95.97399999999999,2023,18,United States Grand Prix,americas,Circuit of the Americas,30.1328,-97.6411,Austin,USA,2023-10-22,19:00:00Z,2023-10-21
alonso,aston_martin,0,19,16,96.268,2023,18,United States Grand Prix,americas,Circuit of the Americas,30.1328,-97.6411,Austin,USA,2023-10-22,19:00:00Z,2023-10-21
piastri,mclaren,0,10,17,95.467,2023,18,United States Grand Prix,americas,Circuit of the Americas,30.1328,-97.6411,Austin,USA,2023-10-22,19:00:00Z,2023-10-21
ocon,alpine,0,8,18,95.154,2023,18,United States Grand Prix,americas,Circuit of the Americas,30.1328,-97.6411,Austin,USA,2023-10-22,19:00:00Z,2023-10-21
hamilton,mercedes,0,3,19,94.862,2023,18,United States Grand Prix,americas,Circuit of the Americas,30.1328,-97.6411,Austin,USA,2023-10-22,19:00:00Z,2023-10-21
leclerc,ferrari,0,1,20,94.723,2023,18,United States Grand Prix,americas,Circuit of the Americas,30.1328,-97.6411,Austin,USA,2023-10-22,19:00:00Z,2023-10-21
max_verstappen,red_bull,25,3,1,77.263,2023,19,Mexico City Grand Prix,rodriguez,Autódromo Hermanos Rodríguez,19.4042,-99.0907,Mexico City,Mexico,2023-10-29,20:00:00Z,NA
hamilton,mercedes,19,6,2,77.45400000000001,2023,19,Mexico City Grand Prix,rodriguez,Autódromo Hermanos Rodríguez,19.4042,-99.0907,Mexico City,Mexico,2023-10-29,20:00:00Z,NA
leclerc,ferrari,15,1,3,77.166,2023,19,Mexico City Grand Prix,rodriguez,Autódromo Hermanos Rodríguez,19.4042,-99.0907,Mexico City,Mexico,2023-10-29,20:00:00Z,NA
sainz,ferrari,12,2,4,77.233,2023,19,Mexico City Grand Prix,rodriguez,Autódromo Hermanos Rodríguez,19.4042,-99.0907,Mexico City,Mexico,2023-10-29,20:00:00Z,NA
norris,mclaren,10,17,5,81.554,2023,19,Mexico City Grand Prix,rodriguez,Autódromo Hermanos Rodríguez,19.4042,-99.0907,Mexico City,Mexico,2023-10-29,20:00:00Z,NA
russell,mercedes,8,8,6,77.673,2023,19,Mexico City Grand Prix,rodriguez,Autódromo Hermanos Rodríguez,19.4042,-99.0907,Mexico City,Mexico,2023-10-29,20:00:00Z,NA
ricciardo,alphatauri,6,4,7,77.382,2023,19,Mexico City Grand Prix,rodriguez,Autódromo Hermanos Rodríguez,19.4042,-99.0907,Mexico City,Mexico,2023-10-29,20:00:00Z,NA
piastri,mclaren,4,7,8,77.623,2023,19,Mexico City Grand Prix,rodriguez,Autódromo Hermanos Rodríguez,19.4042,-99.0907,Mexico City,Mexico,2023-10-29,20:00:00Z,NA
albon,williams,2,14,9,78.828,2023,19,Mexico City Grand Prix,rodriguez,Autódromo Hermanos Rodríguez,19.4042,-99.0907,Mexico City,Mexico,2023-10-29,20:00:00Z,NA
ocon,alpine,1,15,10,79.08,2023,19,Mexico City Grand Prix,rodriguez,Autódromo Hermanos Rodríguez,19.4042,-99.0907,Mexico City,Mexico,2023-10-29,20:00:00Z,NA
gasly,alpine,0,11,11,78.521,2023,19,Mexico City Grand Prix,rodriguez,Autódromo Hermanos Rodríguez,19.4042,-99.0907,Mexico City,Mexico,2023-10-29,20:00:00Z,NA
tsunoda,alphatauri,0,18,12,78.89,2023,19,Mexico City Grand Prix,rodriguez,Autódromo Hermanos Rodríguez,19.4042,-99.0907,Mexico City,Mexico,2023-10-29,20:00:00Z,NA
hulkenberg,haas,0,12,13,78.524,2023,19,Mexico City Grand Prix,rodriguez,Autódromo Hermanos Rodríguez,19.4042,-99.0907,Mexico City,Mexico,2023-10-29,20:00:00Z,NA
zhou,alfa,0,10,14,78.05,2023,19,Mexico City Grand Prix,rodriguez,Autódromo Hermanos Rodríguez,19.4042,-99.0907,Mexico City,Mexico,2023-10-29,20:00:00Z,NA
bottas,alfa,0,9,15,78.01599999999999,2023,19,Mexico City Grand Prix,rodriguez,Autódromo Hermanos Rodríguez,19.4042,-99.0907,Mexico City,Mexico,2023-10-29,20:00:00Z,NA
sargeant,williams,0,19,16,Inf,2023,19,Mexico City Grand Prix,rodriguez,Autódromo Hermanos Rodríguez,19.4042,-99.0907,Mexico City,Mexico,2023-10-29,20:00:00Z,NA
stroll,aston_martin,0,0,17,79.227,2023,19,Mexico City Grand Prix,rodriguez,Autódromo Hermanos Rodríguez,19.4042,-99.0907,Mexico City,Mexico,2023-10-29,20:00:00Z,NA
alonso,aston_martin,0,13,18,78.738,2023,19,Mexico City Grand Prix,rodriguez,Autódromo Hermanos Rodríguez,19.4042,-99.0907,Mexico City,Mexico,2023-10-29,20:00:00Z,NA
kevin_magnussen,haas,0,16,19,79.163,2023,19,Mexico City Grand Prix,rodriguez,Autódromo Hermanos Rodríguez,19.4042,-99.0907,Mexico City,Mexico,2023-10-29,20:00:00Z,NA
perez,red_bull,0,5,20,77.423,2023,19,Mexico City Grand Prix,rodriguez,Autódromo Hermanos Rodríguez,19.4042,-99.0907,Mexico City,Mexico,2023-10-29,20:00:00Z,NA
max_verstappen,red_bull,25,1,1,70.162,2023,20,São Paulo Grand Prix,interlagos,Autódromo José Carlos Pace,-23.7036,-46.6997,São Paulo,Brazil,2023-11-05,17:00:00Z,2023-11-04
norris,mclaren,19,6,2,70.021,2023,20,São Paulo Grand Prix,interlagos,Autódromo José Carlos Pace,-23.7036,-46.6997,São Paulo,Brazil,2023-11-05,17:00:00Z,2023-11-04
alonso,aston_martin,15,4,3,70.237,2023,20,São Paulo Grand Prix,interlagos,Autódromo José Carlos Pace,-23.7036,-46.6997,São Paulo,Brazil,2023-11-05,17:00:00Z,2023-11-04
perez,red_bull,12,9,4,70.219,2023,20,São Paulo Grand Prix,interlagos,Autódromo José Carlos Pace,-23.7036,-46.6997,São Paulo,Brazil,2023-11-05,17:00:00Z,2023-11-04
stroll,aston_martin,10,3,5,70.375,2023,20,São Paulo Grand Prix,interlagos,Autódromo José Carlos Pace,-23.7036,-46.6997,São Paulo,Brazil,2023-11-05,17:00:00Z,2023-11-04
sainz,ferrari,8,7,6,70.254,2023,20,São Paulo Grand Prix,interlagos,Autódromo José Carlos Pace,-23.7036,-46.6997,São Paulo,Brazil,2023-11-05,17:00:00Z,2023-11-04
gasly,alpine,6,15,7,70.56700000000001,2023,20,São Paulo Grand Prix,interlagos,Autódromo José Carlos Pace,-23.7036,-46.6997,São Paulo,Brazil,2023-11-05,17:00:00Z,2023-11-04
hamilton,mercedes,4,5,8,70.266,2023,20,São Paulo Grand Prix,interlagos,Autódromo José Carlos Pace,-23.7036,-46.6997,São Paulo,Brazil,2023-11-05,17:00:00Z,2023-11-04
tsunoda,alphatauri,2,16,9,70.837,2023,20,São Paulo Grand Prix,interlagos,Autódromo José Carlos Pace,-23.7036,-46.6997,São Paulo,Brazil,2023-11-05,17:00:00Z,2023-11-04
ocon,alpine,1,14,10,70.562,2023,20,São Paulo Grand Prix,interlagos,Autódromo José Carlos Pace,-23.7036,-46.6997,São Paulo,Brazil,2023-11-05,17:00:00Z,2023-11-04
sargeant,williams,0,19,11,71.035,2023,20,São Paulo Grand Prix,interlagos,Autódromo José Carlos Pace,-23.7036,-46.6997,São Paulo,Brazil,2023-11-05,17:00:00Z,2023-11-04
hulkenberg,haas,0,11,12,70.475,2023,20,São Paulo Grand Prix,interlagos,Autódromo José Carlos Pace,-23.7036,-46.6997,São Paulo,Brazil,2023-11-05,17:00:00Z,2023-11-04
ricciardo,alphatauri,0,17,13,70.843,2023,20,São Paulo Grand Prix,interlagos,Autódromo José Carlos Pace,-23.7036,-46.6997,São Paulo,Brazil,2023-11-05,17:00:00Z,2023-11-04
piastri,mclaren,0,10,14,70.33,2023,20,São Paulo Grand Prix,interlagos,Autódromo José Carlos Pace,-23.7036,-46.6997,São Paulo,Brazil,2023-11-05,17:00:00Z,2023-11-04
russell,mercedes,0,8,15,70.316,2023,20,São Paulo Grand Prix,interlagos,Autódromo José Carlos Pace,-23.7036,-46.6997,São Paulo,Brazil,2023-11-05,17:00:00Z,2023-11-04
bottas,alfa,0,18,16,70.955,2023,20,São Paulo Grand Prix,interlagos,Autódromo José Carlos Pace,-23.7036,-46.6997,São Paulo,Brazil,2023-11-05,17:00:00Z,2023-11-04
zhou,alfa,0,20,17,71.275,2023,20,São Paulo Grand Prix,interlagos,Autódromo José Carlos Pace,-23.7036,-46.6997,São Paulo,Brazil,2023-11-05,17:00:00Z,2023-11-04
kevin_magnussen,haas,0,12,18,70.602,2023,20,São Paulo Grand Prix,interlagos,Autódromo José Carlos Pace,-23.7036,-46.6997,São Paulo,Brazil,2023-11-05,17:00:00Z,2023-11-04
albon,williams,0,13,19,70.621,2023,20,São Paulo Grand Prix,interlagos,Autódromo José Carlos Pace,-23.7036,-46.6997,São Paulo,Brazil,2023-11-05,17:00:00Z,2023-11-04
leclerc,ferrari,0,2,20,70.303,2023,20,São Paulo Grand Prix,interlagos,Autódromo José Carlos Pace,-23.7036,-46.6997,São Paulo,Brazil,2023-11-05,17:00:00Z,2023-11-04
max_verstappen,red_bull,25,2,1,93.104,2023,21,Las Vegas Grand Prix,vegas,Las Vegas Strip Street Circuit,36.1147,-115.173,Las Vegas,USA,2023-11-19,06:00:00Z,NA
leclerc,ferrari,18,1,2,92.726,2023,21,Las Vegas Grand Prix,vegas,Las Vegas Strip Street Circuit,36.1147,-115.173,Las Vegas,USA,2023-11-19,06:00:00Z,NA
perez,red_bull,15,11,3,93.85499999999999,2023,21,Las Vegas Grand Prix,vegas,Las Vegas Strip Street Circuit,36.1147,-115.173,Las Vegas,USA,2023-11-19,06:00:00Z,NA
ocon,alpine,12,16,4,94.834,2023,21,Las Vegas Grand Prix,vegas,Las Vegas Strip Street Circuit,36.1147,-115.173,Las Vegas,USA,2023-11-19,06:00:00Z,NA
stroll,aston_martin,10,19,5,94.199,2023,21,Las Vegas Grand Prix,vegas,Las Vegas Strip Street Circuit,36.1147,-115.173,Las Vegas,USA,2023-11-19,06:00:00Z,NA
sainz,ferrari,8,12,6,92.77000000000001,2023,21,Las Vegas Grand Prix,vegas,Las Vegas Strip Street Circuit,36.1147,-115.173,Las Vegas,USA,2023-11-19,06:00:00Z,NA
hamilton,mercedes,6,10,7,93.837,2023,21,Las Vegas Grand Prix,vegas,Las Vegas Strip Street Circuit,36.1147,-115.173,Las Vegas,USA,2023-11-19,06:00:00Z,NA
russell,mercedes,4,3,8,93.112,2023,21,Las Vegas Grand Prix,vegas,Las Vegas Strip Street Circuit,36.1147,-115.173,Las Vegas,USA,2023-11-19,06:00:00Z,NA
alonso,aston_martin,2,9,9,93.555,2023,21,Las Vegas Grand Prix,vegas,Las Vegas Strip Street Circuit,36.1147,-115.173,Las Vegas,USA,2023-11-19,06:00:00Z,NA
piastri,mclaren,2,18,10,94.85,2023,21,Las Vegas Grand Prix,vegas,Las Vegas Strip Street Circuit,36.1147,-115.173,Las Vegas,USA,2023-11-19,06:00:00Z,NA
gasly,alpine,0,4,11,93.239,2023,21,Las Vegas Grand Prix,vegas,Las Vegas Strip Street Circuit,36.1147,-115.173,Las Vegas,USA,2023-11-19,06:00:00Z,NA
albon,williams,0,5,12,93.32300000000001,2023,21,Las Vegas Grand Prix,vegas,Las Vegas Strip Street Circuit,36.1147,-115.173,Las Vegas,USA,2023-11-19,06:00:00Z,NA
kevin_magnussen,haas,0,8,13,93.537,2023,21,Las Vegas Grand Prix,vegas,Las Vegas Strip Street Circuit,36.1147,-115.173,Las Vegas,USA,2023-11-19,06:00:00Z,NA
ricciardo,alphatauri,0,14,14,94.30799999999999,2023,21,Las Vegas Grand Prix,vegas,Las Vegas Strip Street Circuit,36.1147,-115.173,Las Vegas,USA,2023-11-19,06:00:00Z,NA
zhou,alfa,0,17,15,94.84899999999999,2023,21,Las Vegas Grand Prix,vegas,Las Vegas Strip Street Circuit,36.1147,-115.173,Las Vegas,USA,2023-11-19,06:00:00Z,NA
sargeant,williams,0,6,16,93.513,2023,21,Las Vegas Grand Prix,vegas,Las Vegas Strip Street Circuit,36.1147,-115.173,Las Vegas,USA,2023-11-19,06:00:00Z,NA
bottas,alfa,0,7,17,93.525,2023,21,Las Vegas Grand Prix,vegas,Las Vegas Strip Street Circuit,36.1147,-115.173,Las Vegas,USA,2023-11-19,06:00:00Z,NA
tsunoda,alphatauri,0,20,18,96.447,2023,21,Las Vegas Grand Prix,vegas,Las Vegas Strip Street Circuit,36.1147,-115.173,Las Vegas,USA,2023-11-19,06:00:00Z,NA
hulkenberg,haas,0,13,19,93.979,2023,21,Las Vegas Grand Prix,vegas,Las Vegas Strip Street Circuit,36.1147,-115.173,Las Vegas,USA,2023-11-19,06:00:00Z,NA
norris,mclaren,0,15,20,94.703,2023,21,Las Vegas Grand Prix,vegas,Las Vegas Strip Street Circuit,36.1147,-115.173,Las Vegas,USA,2023-11-19,06:00:00Z,NA
max_verstappen,red_bull,26,1,1,83.445,2023,22,Abu Dhabi Grand Prix,yas_marina,Yas Marina Circuit,24.4672,54.6031,Abu Dhabi,UAE,2023-11-26,13:00:00Z,NA
leclerc,ferrari,18,2,2,83.584,2023,22,Abu Dhabi Grand Prix,yas_marina,Yas Marina Circuit,24.4672,54.6031,Abu Dhabi,UAE,2023-11-26,13:00:00Z,NA
russell,mercedes,15,4,3,83.788,2023,22,Abu Dhabi Grand Prix,yas_marina,Yas Marina Circuit,24.4672,54.6031,Abu Dhabi,UAE,2023-11-26,13:00:00Z,NA
perez,red_bull,12,9,4,84.116,2023,22,Abu Dhabi Grand Prix,yas_marina,Yas Marina Circuit,24.4672,54.6031,Abu Dhabi,UAE,2023-11-26,13:00:00Z,NA
norris,mclaren,10,5,5,83.816,2023,22,Abu Dhabi Grand Prix,yas_marina,Yas Marina Circuit,24.4672,54.6031,Abu Dhabi,UAE,2023-11-26,13:00:00Z,NA
piastri,mclaren,8,3,6,83.782,2023,22,Abu Dhabi Grand Prix,yas_marina,Yas Marina Circuit,24.4672,54.6031,Abu Dhabi,UAE,2023-11-26,13:00:00Z,NA
alonso,aston_martin,6,7,7,84.084,2023,22,Abu Dhabi Grand Prix,yas_marina,Yas Marina Circuit,24.4672,54.6031,Abu Dhabi,UAE,2023-11-26,13:00:00Z,NA
tsunoda,alphatauri,4,6,8,83.968,2023,22,Abu Dhabi Grand Prix,yas_marina,Yas Marina Circuit,24.4672,54.6031,Abu Dhabi,UAE,2023-11-26,13:00:00Z,NA
hamilton,mercedes,2,11,9,84.35900000000001,2023,22,Abu Dhabi Grand Prix,yas_marina,Yas Marina Circuit,24.4672,54.6031,Abu Dhabi,UAE,2023-11-26,13:00:00Z,NA
stroll,aston_martin,1,13,10,84.405,2023,22,Abu Dhabi Grand Prix,yas_marina,Yas Marina Circuit,24.4672,54.6031,Abu Dhabi,UAE,2023-11-26,13:00:00Z,NA
ricciardo,alphatauri,0,15,11,84.44200000000001,2023,22,Abu Dhabi Grand Prix,yas_marina,Yas Marina Circuit,24.4672,54.6031,Abu Dhabi,UAE,2023-11-26,13:00:00Z,NA
ocon,alpine,0,12,12,84.39099999999999,2023,22,Abu Dhabi Grand Prix,yas_marina,Yas Marina Circuit,24.4672,54.6031,Abu Dhabi,UAE,2023-11-26,13:00:00Z,NA
gasly,alpine,0,10,13,84.078,2023,22,Abu Dhabi Grand Prix,yas_marina,Yas Marina Circuit,24.4672,54.6031,Abu Dhabi,UAE,2023-11-26,13:00:00Z,NA
albon,williams,0,14,14,84.298,2023,22,Abu Dhabi Grand Prix,yas_marina,Yas Marina Circuit,24.4672,54.6031,Abu Dhabi,UAE,2023-11-26,13:00:00Z,NA
hulkenberg,haas,0,8,15,84.108,2023,22,Abu Dhabi Grand Prix,yas_marina,Yas Marina Circuit,24.4672,54.6031,Abu Dhabi,UAE,2023-11-26,13:00:00Z,NA
sargeant,williams,0,20,16,Inf,2023,22,Abu Dhabi Grand Prix,yas_marina,Yas Marina Circuit,24.4672,54.6031,Abu Dhabi,UAE,2023-11-26,13:00:00Z,NA
zhou,alfa,0,19,17,85.15899999999999,2023,22,Abu Dhabi Grand Prix,yas_marina,Yas Marina Circuit,24.4672,54.6031,Abu Dhabi,UAE,2023-11-26,13:00:00Z,NA
sainz,ferrari,0,16,18,84.738,2023,22,Abu Dhabi Grand Prix,yas_marina,Yas Marina Circuit,24.4672,54.6031,Abu Dhabi,UAE,2023-11-26,13:00:00Z,NA
bottas,alfa,0,18,19,84.788,2023,22,Abu Dhabi Grand Prix,yas_marina,Yas Marina Circuit,24.4672,54.6031,Abu Dhabi,UAE,2023-11-26,13:00:00Z,NA
kevin_magnussen,haas,0,17,20,84.764,2023,22,Abu Dhabi Grand Prix,yas_marina,Yas Marina Circuit,24.4672,54.6031,Abu Dhabi,UAE,2023-11-26,13:00:00Z,NA
max_verstappen,red_bull,26,1,1,89.179,2024,1,Bahrain Grand Prix,bahrain,Bahrain International Circuit,26.0325,50.5106,Sakhir,Bahrain,2024-03-02,15:00:00Z,NA
perez,red_bull,18,5,2,89.537,2024,1,Bahrain Grand Prix,bahrain,Bahrain International Circuit,26.0325,50.5106,Sakhir,Bahrain,2024-03-02,15:00:00Z,NA
sainz,ferrari,15,4,3,89.507,2024,1,Bahrain Grand Prix,bahrain,Bahrain International Circuit,26.0325,50.5106,Sakhir,Bahrain,2024-03-02,15:00:00Z,NA
leclerc,ferrari,12,2,4,89.16499999999999,2024,1,Bahrain Grand Prix,bahrain,Bahrain International Circuit,26.0325,50.5106,Sakhir,Bahrain,2024-03-02,15:00:00Z,NA
russell,mercedes,10,3,5,89.485,2024,1,Bahrain Grand Prix,bahrain,Bahrain International Circuit,26.0325,50.5106,Sakhir,Bahrain,2024-03-02,15:00:00Z,NA
norris,mclaren,8,7,6,89.614,2024,1,Bahrain Grand Prix,bahrain,Bahrain International Circuit,26.0325,50.5106,Sakhir,Bahrain,2024-03-02,15:00:00Z,NA
hamilton,mercedes,6,9,7,89.71000000000001,2024,1,Bahrain Grand Prix,bahrain,Bahrain International Circuit,26.0325,50.5106,Sakhir,Bahrain,2024-03-02,15:00:00Z,NA
piastri,mclaren,4,8,8,89.68299999999999,2024,1,Bahrain Grand Prix,bahrain,Bahrain International Circuit,26.0325,50.5106,Sakhir,Bahrain,2024-03-02,15:00:00Z,NA
alonso,aston_martin,2,6,9,89.542,2024,1,Bahrain Grand Prix,bahrain,Bahrain International Circuit,26.0325,50.5106,Sakhir,Bahrain,2024-03-02,15:00:00Z,NA
stroll,aston_martin,1,12,10,89.965,2024,1,Bahrain Grand Prix,bahrain,Bahrain International Circuit,26.0325,50.5106,Sakhir,Bahrain,2024-03-02,15:00:00Z,NA
zhou,sauber,0,17,11,90.757,2024,1,Bahrain Grand Prix,bahrain,Bahrain International Circuit,26.0325,50.5106,Sakhir,Bahrain,2024-03-02,15:00:00Z,NA
kevin_magnussen,haas,0,15,12,90.529,2024,1,Bahrain Grand Prix,bahrain,Bahrain International Circuit,26.0325,50.5106,Sakhir,Bahrain,2024-03-02,15:00:00Z,NA
ricciardo,rb,0,14,13,90.27799999999999,2024,1,Bahrain Grand Prix,bahrain,Bahrain International Circuit,26.0325,50.5106,Sakhir,Bahrain,2024-03-02,15:00:00Z,NA
tsunoda,rb,0,11,14,90.129,2024,1,Bahrain Grand Prix,bahrain,Bahrain International Circuit,26.0325,50.5106,Sakhir,Bahrain,2024-03-02,15:00:00Z,NA
albon,williams,0,13,15,90.221,2024,1,Bahrain Grand Prix,bahrain,Bahrain International Circuit,26.0325,50.5106,Sakhir,Bahrain,2024-03-02,15:00:00Z,NA
hulkenberg,haas,0,10,16,89.851,2024,1,Bahrain Grand Prix,bahrain,Bahrain International Circuit,26.0325,50.5106,Sakhir,Bahrain,2024-03-02,15:00:00Z,NA
ocon,alpine,0,19,17,90.793,2024,1,Bahrain Grand Prix,bahrain,Bahrain International Circuit,26.0325,50.5106,Sakhir,Bahrain,2024-03-02,15:00:00Z,NA
gasly,alpine,0,20,18,90.94800000000001,2024,1,Bahrain Grand Prix,bahrain,Bahrain International Circuit,26.0325,50.5106,Sakhir,Bahrain,2024-03-02,15:00:00Z,NA
bottas,sauber,0,16,19,90.756,2024,1,Bahrain Grand Prix,bahrain,Bahrain International Circuit,26.0325,50.5106,Sakhir,Bahrain,2024-03-02,15:00:00Z,NA
sargeant,williams,0,18,20,90.77,2024,1,Bahrain Grand Prix,bahrain,Bahrain International Circuit,26.0325,50.5106,Sakhir,Bahrain,2024-03-02,15:00:00Z,NA
max_verstappen,red_bull,25,1,1,87.47200000000001,2024,2,Saudi Arabian Grand Prix,jeddah,Jeddah Corniche Circuit,21.6319,39.1044,Jeddah,Saudi Arabia,2024-03-09,17:00:00Z,NA
perez,red_bull,18,3,2,87.807,2024,2,Saudi Arabian Grand Prix,jeddah,Jeddah Corniche Circuit,21.6319,39.1044,Jeddah,Saudi Arabia,2024-03-09,17:00:00Z,NA
leclerc,ferrari,16,2,3,87.791,2024,2,Saudi Arabian Grand Prix,jeddah,Jeddah Corniche Circuit,21.6319,39.1044,Jeddah,Saudi Arabia,2024-03-09,17:00:00Z,NA
piastri,mclaren,12,5,4,88.089,2024,2,Saudi Arabian Grand Prix,jeddah,Jeddah Corniche Circuit,21.6319,39.1044,Jeddah,Saudi Arabia,2024-03-09,17:00:00Z,NA
alonso,aston_martin,10,4,5,87.846,2024,2,Saudi Arabian Grand Prix,jeddah,Jeddah Corniche Circuit,21.6319,39.1044,Jeddah,Saudi Arabia,2024-03-09,17:00:00Z,NA
russell,mercedes,8,7,6,88.316,2024,2,Saudi Arabian Grand Prix,jeddah,Jeddah Corniche Circuit,21.6319,39.1044,Jeddah,Saudi Arabia,2024-03-09,17:00:00Z,NA
bearman,ferrari,6,11,7,88.642,2024,2,Saudi Arabian Grand Prix,jeddah,Jeddah Corniche Circuit,21.6319,39.1044,Jeddah,Saudi Arabia,2024-03-09,17:00:00Z,NA
norris,mclaren,4,6,8,88.132,2024,2,Saudi Arabian Grand Prix,jeddah,Jeddah Corniche Circuit,21.6319,39.1044,Jeddah,Saudi Arabia,2024-03-09,17:00:00Z,NA
hamilton,mercedes,2,8,9,88.46000000000001,2024,2,Saudi Arabian Grand Prix,jeddah,Jeddah Corniche Circuit,21.6319,39.1044,Jeddah,Saudi Arabia,2024-03-09,17:00:00Z,NA
hulkenberg,haas,1,15,10,89.055,2024,2,Saudi Arabian Grand Prix,jeddah,Jeddah Corniche Circuit,21.6319,39.1044,Jeddah,Saudi Arabia,2024-03-09,17:00:00Z,NA
albon,williams,0,12,11,88.98,2024,2,Saudi Arabian Grand Prix,jeddah,Jeddah Corniche Circuit,21.6319,39.1044,Jeddah,Saudi Arabia,2024-03-09,17:00:00Z,NA
kevin_magnussen,haas,0,13,12,89.02,2024,2,Saudi Arabian Grand Prix,jeddah,Jeddah Corniche Circuit,21.6319,39.1044,Jeddah,Saudi Arabia,2024-03-09,17:00:00Z,NA
ocon,alpine,0,17,13,89.475,2024,2,Saudi Arabian Grand Prix,jeddah,Jeddah Corniche Circuit,21.6319,39.1044,Jeddah,Saudi Arabia,2024-03-09,17:00:00Z,NA
sargeant,williams,0,19,14,89.526,2024,2,Saudi Arabian Grand Prix,jeddah,Jeddah Corniche Circuit,21.6319,39.1044,Jeddah,Saudi Arabia,2024-03-09,17:00:00Z,NA
tsunoda,rb,0,9,15,88.547,2024,2,Saudi Arabian Grand Prix,jeddah,Jeddah Corniche Circuit,21.6319,39.1044,Jeddah,Saudi Arabia,2024-03-09,17:00:00Z,NA
ricciardo,rb,0,14,16,89.025,2024,2,Saudi Arabian Grand Prix,jeddah,Jeddah Corniche Circuit,21.6319,39.1044,Jeddah,Saudi Arabia,2024-03-09,17:00:00Z,NA
bottas,sauber,0,16,17,89.179,2024,2,Saudi Arabian Grand Prix,jeddah,Jeddah Corniche Circuit,21.6319,39.1044,Jeddah,Saudi Arabia,2024-03-09,17:00:00Z,NA
zhou,sauber,0,20,18,Inf,2024,2,Saudi Arabian Grand Prix,jeddah,Jeddah Corniche Circuit,21.6319,39.1044,Jeddah,Saudi Arabia,2024-03-09,17:00:00Z,NA
stroll,aston_martin,0,10,19,88.25,2024,2,Saudi Arabian Grand Prix,jeddah,Jeddah Corniche Circuit,21.6319,39.1044,Jeddah,Saudi Arabia,2024-03-09,17:00:00Z,NA
gasly,alpine,0,18,20,89.479,2024,2,Saudi Arabian Grand Prix,jeddah,Jeddah Corniche Circuit,21.6319,39.1044,Jeddah,Saudi Arabia,2024-03-09,17:00:00Z,NA
sainz,ferrari,25,2,1,76.185,2024,3,Australian Grand Prix,albert_park,Albert Park Grand Prix Circuit,-37.8497,144.968,Melbourne,Australia,2024-03-24,04:00:00Z,NA
leclerc,ferrari,19,4,2,76.304,2024,3,Australian Grand Prix,albert_park,Albert Park Grand Prix Circuit,-37.8497,144.968,Melbourne,Australia,2024-03-24,04:00:00Z,NA
norris,mclaren,15,3,3,76.315,2024,3,Australian Grand Prix,albert_park,Albert Park Grand Prix Circuit,-37.8497,144.968,Melbourne,Australia,2024-03-24,04:00:00Z,NA
piastri,mclaren,12,5,4,76.572,2024,3,Australian Grand Prix,albert_park,Albert Park Grand Prix Circuit,-37.8497,144.968,Melbourne,Australia,2024-03-24,04:00:00Z,NA
perez,red_bull,10,6,5,76.274,2024,3,Australian Grand Prix,albert_park,Albert Park Grand Prix Circuit,-37.8497,144.968,Melbourne,Australia,2024-03-24,04:00:00Z,NA
stroll,aston_martin,8,9,6,76.78,2024,3,Australian Grand Prix,albert_park,Albert Park Grand Prix Circuit,-37.8497,144.968,Melbourne,Australia,2024-03-24,04:00:00Z,NA
tsunoda,rb,6,8,7,76.788,2024,3,Australian Grand Prix,albert_park,Albert Park Grand Prix Circuit,-37.8497,144.968,Melbourne,Australia,2024-03-24,04:00:00Z,NA
alonso,aston_martin,4,10,8,76.71000000000001,2024,3,Australian Grand Prix,albert_park,Albert Park Grand Prix Circuit,-37.8497,144.968,Melbourne,Australia,2024-03-24,04:00:00Z,NA
hulkenberg,haas,2,16,9,77.976,2024,3,Australian Grand Prix,albert_park,Albert Park Grand Prix Circuit,-37.8497,144.968,Melbourne,Australia,2024-03-24,04:00:00Z,NA
kevin_magnussen,haas,1,14,10,77.42699999999999,2024,3,Australian Grand Prix,albert_park,Albert Park Grand Prix Circuit,-37.8497,144.968,Melbourne,Australia,2024-03-24,04:00:00Z,NA
albon,williams,0,12,11,77.13,2024,3,Australian Grand Prix,albert_park,Albert Park Grand Prix Circuit,-37.8497,144.968,Melbourne,Australia,2024-03-24,04:00:00Z,NA
ricciardo,rb,0,18,12,78.08500000000001,2024,3,Australian Grand Prix,albert_park,Albert Park Grand Prix Circuit,-37.8497,144.968,Melbourne,Australia,2024-03-24,04:00:00Z,NA
gasly,alpine,0,17,13,77.982,2024,3,Australian Grand Prix,albert_park,Albert Park Grand Prix Circuit,-37.8497,144.968,Melbourne,Australia,2024-03-24,04:00:00Z,NA
bottas,sauber,0,13,14,77.34,2024,3,Australian Grand Prix,albert_park,Albert Park Grand Prix Circuit,-37.8497,144.968,Melbourne,Australia,2024-03-24,04:00:00Z,NA
zhou,sauber,0,19,15,78.188,2024,3,Australian Grand Prix,albert_park,Albert Park Grand Prix Circuit,-37.8497,144.968,Melbourne,Australia,2024-03-24,04:00:00Z,NA
ocon,alpine,0,15,16,77.617,2024,3,Australian Grand Prix,albert_park,Albert Park Grand Prix Circuit,-37.8497,144.968,Melbourne,Australia,2024-03-24,04:00:00Z,NA
russell,mercedes,0,7,17,76.724,2024,3,Australian Grand Prix,albert_park,Albert Park Grand Prix Circuit,-37.8497,144.968,Melbourne,Australia,2024-03-24,04:00:00Z,NA
hamilton,mercedes,0,11,18,76.96000000000001,2024,3,Australian Grand Prix,albert_park,Albert Park Grand Prix Circuit,-37.8497,144.968,Melbourne,Australia,2024-03-24,04:00:00Z,NA
max_verstappen,red_bull,0,1,19,75.91499999999999,2024,3,Australian Grand Prix,albert_park,Albert Park Grand Prix Circuit,-37.8497,144.968,Melbourne,Australia,2024-03-24,04:00:00Z,NA
max_verstappen,red_bull,26,1,1,88.197,2024,4,Japanese Grand Prix,suzuka,Suzuka Circuit,34.8431,136.541,Suzuka,Japan,2024-04-07,05:00:00Z,NA
perez,red_bull,18,2,2,88.263,2024,4,Japanese Grand Prix,suzuka,Suzuka Circuit,34.8431,136.541,Suzuka,Japan,2024-04-07,05:00:00Z,NA
sainz,ferrari,15,4,3,88.682,2024,4,Japanese Grand Prix,suzuka,Suzuka Circuit,34.8431,136.541,Suzuka,Japan,2024-04-07,05:00:00Z,NA
leclerc,ferrari,12,8,4,88.786,2024,4,Japanese Grand Prix,suzuka,Suzuka Circuit,34.8431,136.541,Suzuka,Japan,2024-04-07,05:00:00Z,NA
norris,mclaren,10,3,5,88.489,2024,4,Japanese Grand Prix,suzuka,Suzuka Circuit,34.8431,136.541,Suzuka,Japan,2024-04-07,05:00:00Z,NA
alonso,aston_martin,8,5,6,88.686,2024,4,Japanese Grand Prix,suzuka,Suzuka Circuit,34.8431,136.541,Suzuka,Japan,2024-04-07,05:00:00Z,NA
russell,mercedes,6,9,7,89.008,2024,4,Japanese Grand Prix,suzuka,Suzuka Circuit,34.8431,136.541,Suzuka,Japan,2024-04-07,05:00:00Z,NA
piastri,mclaren,4,6,8,88.76,2024,4,Japanese Grand Prix,suzuka,Suzuka Circuit,34.8431,136.541,Suzuka,Japan,2024-04-07,05:00:00Z,NA
hamilton,mercedes,2,7,9,88.76599999999999,2024,4,Japanese Grand Prix,suzuka,Suzuka Circuit,34.8431,136.541,Suzuka,Japan,2024-04-07,05:00:00Z,NA
tsunoda,rb,1,10,10,89.413,2024,4,Japanese Grand Prix,suzuka,Suzuka Circuit,34.8431,136.541,Suzuka,Japan,2024-04-07,05:00:00Z,NA
hulkenberg,haas,0,12,11,89.494,2024,4,Japanese Grand Prix,suzuka,Suzuka Circuit,34.8431,136.541,Suzuka,Japan,2024-04-07,05:00:00Z,NA
stroll,aston_martin,0,16,12,90.024,2024,4,Japanese Grand Prix,suzuka,Suzuka Circuit,34.8431,136.541,Suzuka,Japan,2024-04-07,05:00:00Z,NA
kevin_magnussen,haas,0,18,13,90.131,2024,4,Japanese Grand Prix,suzuka,Suzuka Circuit,34.8431,136.541,Suzuka,Japan,2024-04-07,05:00:00Z,NA
bottas,sauber,0,13,14,89.593,2024,4,Japanese Grand Prix,suzuka,Suzuka Circuit,34.8431,136.541,Suzuka,Japan,2024-04-07,05:00:00Z,NA
ocon,alpine,0,15,15,89.811,2024,4,Japanese Grand Prix,suzuka,Suzuka Circuit,34.8431,136.541,Suzuka,Japan,2024-04-07,05:00:00Z,NA
gasly,alpine,0,17,16,90.119,2024,4,Japanese Grand Prix,suzuka,Suzuka Circuit,34.8431,136.541,Suzuka,Japan,2024-04-07,05:00:00Z,NA
sargeant,williams,0,19,17,90.139,2024,4,Japanese Grand Prix,suzuka,Suzuka Circuit,34.8431,136.541,Suzuka,Japan,2024-04-07,05:00:00Z,NA
zhou,sauber,0,20,18,90.143,2024,4,Japanese Grand Prix,suzuka,Suzuka Circuit,34.8431,136.541,Suzuka,Japan,2024-04-07,05:00:00Z,NA
ricciardo,rb,0,11,19,89.47200000000001,2024,4,Japanese Grand Prix,suzuka,Suzuka Circuit,34.8431,136.541,Suzuka,Japan,2024-04-07,05:00:00Z,NA
albon,williams,0,14,20,89.714,2024,4,Japanese Grand Prix,suzuka,Suzuka Circuit,34.8431,136.541,Suzuka,Japan,2024-04-07,05:00:00Z,NA
max_verstappen,red_bull,25,1,1,93.66,2024,5,Chinese Grand Prix,shanghai,Shanghai International Circuit,31.3389,121.22,Shanghai,China,2024-04-21,07:00:00Z,2024-04-20
norris,mclaren,18,4,2,94.16499999999999,2024,5,Chinese Grand Prix,shanghai,Shanghai International Circuit,31.3389,121.22,Shanghai,China,2024-04-21,07:00:00Z,2024-04-20
perez,red_bull,15,2,3,93.982,2024,5,Chinese Grand Prix,shanghai,Shanghai International Circuit,31.3389,121.22,Shanghai,China,2024-04-21,07:00:00Z,2024-04-20
leclerc,ferrari,12,6,4,94.289,2024,5,Chinese Grand Prix,shanghai,Shanghai International Circuit,31.3389,121.22,Shanghai,China,2024-04-21,07:00:00Z,2024-04-20
sainz,ferrari,10,7,5,94.297,2024,5,Chinese Grand Prix,shanghai,Shanghai International Circuit,31.3389,121.22,Shanghai,China,2024-04-21,07:00:00Z,2024-04-20
russell,mercedes,8,8,6,94.43299999999999,2024,5,Chinese Grand Prix,shanghai,Shanghai International Circuit,31.3389,121.22,Shanghai,China,2024-04-21,07:00:00Z,2024-04-20
alonso,aston_martin,7,3,7,94.148,2024,5,Chinese Grand Prix,shanghai,Shanghai International Circuit,31.3389,121.22,Shanghai,China,2024-04-21,07:00:00Z,2024-04-20
piastri,mclaren,4,5,8,94.273,2024,5,Chinese Grand Prix,shanghai,Shanghai International Circuit,31.3389,121.22,Shanghai,China,2024-04-21,07:00:00Z,2024-04-20
hamilton,mercedes,2,18,9,95.57300000000001,2024,5,Chinese Grand Prix,shanghai,Shanghai International Circuit,31.3389,121.22,Shanghai,China,2024-04-21,07:00:00Z,2024-04-20
hulkenberg,haas,1,9,10,94.604,2024,5,Chinese Grand Prix,shanghai,Shanghai International Circuit,31.3389,121.22,Shanghai,China,2024-04-21,07:00:00Z,2024-04-20
ocon,alpine,0,13,11,95.223,2024,5,Chinese Grand Prix,shanghai,Shanghai International Circuit,31.3389,121.22,Shanghai,China,2024-04-21,07:00:00Z,2024-04-20
albon,williams,0,14,12,95.241,2024,5,Chinese Grand Prix,shanghai,Shanghai International Circuit,31.3389,121.22,Shanghai,China,2024-04-21,07:00:00Z,2024-04-20
gasly,alpine,0,15,13,95.287,2024,5,Chinese Grand Prix,shanghai,Shanghai International Circuit,31.3389,121.22,Shanghai,China,2024-04-21,07:00:00Z,2024-04-20
zhou,sauber,0,16,14,95.505,2024,5,Chinese Grand Prix,shanghai,Shanghai International Circuit,31.3389,121.22,Shanghai,China,2024-04-21,07:00:00Z,2024-04-20
stroll,aston_martin,0,11,15,94.838,2024,5,Chinese Grand Prix,shanghai,Shanghai International Circuit,31.3389,121.22,Shanghai,China,2024-04-21,07:00:00Z,2024-04-20
kevin_magnussen,haas,0,17,16,95.51599999999999,2024,5,Chinese Grand Prix,shanghai,Shanghai International Circuit,31.3389,121.22,Shanghai,China,2024-04-21,07:00:00Z,2024-04-20
sargeant,williams,0,20,17,96.358,2024,5,Chinese Grand Prix,shanghai,Shanghai International Circuit,31.3389,121.22,Shanghai,China,2024-04-21,07:00:00Z,2024-04-20
ricciardo,rb,0,12,18,94.934,2024,5,Chinese Grand Prix,shanghai,Shanghai International Circuit,31.3389,121.22,Shanghai,China,2024-04-21,07:00:00Z,2024-04-20
tsunoda,rb,0,19,19,95.74600000000001,2024,5,Chinese Grand Prix,shanghai,Shanghai International Circuit,31.3389,121.22,Shanghai,China,2024-04-21,07:00:00Z,2024-04-20
bottas,sauber,0,10,20,94.66499999999999,2024,5,Chinese Grand Prix,shanghai,Shanghai International Circuit,31.3389,121.22,Shanghai,China,2024-04-21,07:00:00Z,2024-04-20
norris,mclaren,25,5,1,87.594,2024,6,Miami Grand Prix,miami,Miami International Autodrome,25.9581,-80.2389,Miami,USA,2024-05-05,20:00:00Z,2024-05-04
max_verstappen,red_bull,18,1,2,87.241,2024,6,Miami Grand Prix,miami,Miami International Autodrome,25.9581,-80.2389,Miami,USA,2024-05-05,20:00:00Z,2024-05-04
leclerc,ferrari,15,2,3,87.382,2024,6,Miami Grand Prix,miami,Miami International Autodrome,25.9581,-80.2389,Miami,USA,2024-05-05,20:00:00Z,2024-05-04
perez,red_bull,12,4,4,87.46000000000001,2024,6,Miami Grand Prix,miami,Miami International Autodrome,25.9581,-80.2389,Miami,USA,2024-05-05,20:00:00Z,2024-05-04
sainz,ferrari,10,3,5,87.455,2024,6,Miami Grand Prix,miami,Miami International Autodrome,25.9581,-80.2389,Miami,USA,2024-05-05,20:00:00Z,2024-05-04
hamilton,mercedes,8,8,6,87.697,2024,6,Miami Grand Prix,miami,Miami International Autodrome,25.9581,-80.2389,Miami,USA,2024-05-05,20:00:00Z,2024-05-04
tsunoda,rb,6,10,7,88.167,2024,6,Miami Grand Prix,miami,Miami International Autodrome,25.9581,-80.2389,Miami,USA,2024-05-05,20:00:00Z,2024-05-04
russell,mercedes,4,7,8,88.06700000000001,2024,6,Miami Grand Prix,miami,Miami International Autodrome,25.9581,-80.2389,Miami,USA,2024-05-05,20:00:00Z,2024-05-04
alonso,aston_martin,2,15,9,88.42699999999999,2024,6,Miami Grand Prix,miami,Miami International Autodrome,25.9581,-80.2389,Miami,USA,2024-05-05,20:00:00Z,2024-05-04
ocon,alpine,1,13,10,88.209,2024,6,Miami Grand Prix,miami,Miami International Autodrome,25.9581,-80.2389,Miami,USA,2024-05-05,20:00:00Z,2024-05-04
hulkenberg,haas,0,9,11,88.146,2024,6,Miami Grand Prix,miami,Miami International Autodrome,25.9581,-80.2389,Miami,USA,2024-05-05,20:00:00Z,2024-05-04
gasly,alpine,0,12,12,87.976,2024,6,Miami Grand Prix,miami,Miami International Autodrome,25.9581,-80.2389,Miami,USA,2024-05-05,20:00:00Z,2024-05-04
piastri,mclaren,0,6,13,87.675,2024,6,Miami Grand Prix,miami,Miami International Autodrome,25.9581,-80.2389,Miami,USA,2024-05-05,20:00:00Z,2024-05-04
zhou,sauber,0,19,14,88.824,2024,6,Miami Grand Prix,miami,Miami International Autodrome,25.9581,-80.2389,Miami,USA,2024-05-05,20:00:00Z,2024-05-04
ricciardo,rb,0,20,15,88.617,2024,6,Miami Grand Prix,miami,Miami International Autodrome,25.9581,-80.2389,Miami,USA,2024-05-05,20:00:00Z,2024-05-04
bottas,sauber,0,16,16,88.463,2024,6,Miami Grand Prix,miami,Miami International Autodrome,25.9581,-80.2389,Miami,USA,2024-05-05,20:00:00Z,2024-05-04
stroll,aston_martin,0,11,17,88.17699999999999,2024,6,Miami Grand Prix,miami,Miami International Autodrome,25.9581,-80.2389,Miami,USA,2024-05-05,20:00:00Z,2024-05-04
albon,williams,0,14,18,88.343,2024,6,Miami Grand Prix,miami,Miami International Autodrome,25.9581,-80.2389,Miami,USA,2024-05-05,20:00:00Z,2024-05-04
kevin_magnussen,haas,0,18,19,88.619,2024,6,Miami Grand Prix,miami,Miami International Autodrome,25.9581,-80.2389,Miami,USA,2024-05-05,20:00:00Z,2024-05-04
sargeant,williams,0,17,20,88.487,2024,6,Miami Grand Prix,miami,Miami International Autodrome,25.9581,-80.2389,Miami,USA,2024-05-05,20:00:00Z,2024-05-04
max_verstappen,red_bull,25,1,1,74.746,2024,7,Emilia Romagna Grand Prix,imola,Autodromo Enzo e Dino Ferrari,44.3439,11.7167,Imola,Italy,2024-05-19,13:00:00Z,NA
norris,mclaren,18,2,2,74.837,2024,7,Emilia Romagna Grand Prix,imola,Autodromo Enzo e Dino Ferrari,44.3439,11.7167,Imola,Italy,2024-05-19,13:00:00Z,NA
leclerc,ferrari,15,3,3,74.97,2024,7,Emilia Romagna Grand Prix,imola,Autodromo Enzo e Dino Ferrari,44.3439,11.7167,Imola,Italy,2024-05-19,13:00:00Z,NA
piastri,mclaren,12,5,4,74.82,2024,7,Emilia Romagna Grand Prix,imola,Autodromo Enzo e Dino Ferrari,44.3439,11.7167,Imola,Italy,2024-05-19,13:00:00Z,NA
sainz,ferrari,10,4,5,75.233,2024,7,Emilia Romagna Grand Prix,imola,Autodromo Enzo e Dino Ferrari,44.3439,11.7167,Imola,Italy,2024-05-19,13:00:00Z,NA
hamilton,mercedes,8,8,6,75.504,2024,7,Emilia Romagna Grand Prix,imola,Autodromo Enzo e Dino Ferrari,44.3439,11.7167,Imola,Italy,2024-05-19,13:00:00Z,NA
russell,mercedes,7,6,7,75.234,2024,7,Emilia Romagna Grand Prix,imola,Autodromo Enzo e Dino Ferrari,44.3439,11.7167,Imola,Italy,2024-05-19,13:00:00Z,NA
perez,red_bull,4,11,8,75.706,2024,7,Emilia Romagna Grand Prix,imola,Autodromo Enzo e Dino Ferrari,44.3439,11.7167,Imola,Italy,2024-05-19,13:00:00Z,NA
stroll,aston_martin,2,13,9,75.992,2024,7,Emilia Romagna Grand Prix,imola,Autodromo Enzo e Dino Ferrari,44.3439,11.7167,Imola,Italy,2024-05-19,13:00:00Z,NA
tsunoda,rb,1,7,10,75.358,2024,7,Emilia Romagna Grand Prix,imola,Autodromo Enzo e Dino Ferrari,44.3439,11.7167,Imola,Italy,2024-05-19,13:00:00Z,NA
hulkenberg,haas,0,10,11,75.569,2024,7,Emilia Romagna Grand Prix,imola,Autodromo Enzo e Dino Ferrari,44.3439,11.7167,Imola,Italy,2024-05-19,13:00:00Z,NA
kevin_magnussen,haas,0,18,12,76.854,2024,7,Emilia Romagna Grand Prix,imola,Autodromo Enzo e Dino Ferrari,44.3439,11.7167,Imola,Italy,2024-05-19,13:00:00Z,NA
ricciardo,rb,0,9,13,75.674,2024,7,Emilia Romagna Grand Prix,imola,Autodromo Enzo e Dino Ferrari,44.3439,11.7167,Imola,Italy,2024-05-19,13:00:00Z,NA
ocon,alpine,0,12,14,75.906,2024,7,Emilia Romagna Grand Prix,imola,Autodromo Enzo e Dino Ferrari,44.3439,11.7167,Imola,Italy,2024-05-19,13:00:00Z,NA
zhou,sauber,0,17,15,76.834,2024,7,Emilia Romagna Grand Prix,imola,Autodromo Enzo e Dino Ferrari,44.3439,11.7167,Imola,Italy,2024-05-19,13:00:00Z,NA
gasly,alpine,0,15,16,76.015,2024,7,Emilia Romagna Grand Prix,imola,Autodromo Enzo e Dino Ferrari,44.3439,11.7167,Imola,Italy,2024-05-19,13:00:00Z,NA
sargeant,williams,0,19,17,Inf,2024,7,Emilia Romagna Grand Prix,imola,Autodromo Enzo e Dino Ferrari,44.3439,11.7167,Imola,Italy,2024-05-19,13:00:00Z,NA
bottas,sauber,0,16,18,76.626,2024,7,Emilia Romagna Grand Prix,imola,Autodromo Enzo e Dino Ferrari,44.3439,11.7167,Imola,Italy,2024-05-19,13:00:00Z,NA
alonso,aston_martin,0,20,19,76.917,2024,7,Emilia Romagna Grand Prix,imola,Autodromo Enzo e Dino Ferrari,44.3439,11.7167,Imola,Italy,2024-05-19,13:00:00Z,NA
albon,williams,0,14,20,76.2,2024,7,Emilia Romagna Grand Prix,imola,Autodromo Enzo e Dino Ferrari,44.3439,11.7167,Imola,Italy,2024-05-19,13:00:00Z,NA
leclerc,ferrari,25,1,1,70.27,2024,8,Monaco Grand Prix,monaco,Circuit de Monaco,43.7347,7.42056,Monte Carlo,Monaco,2024-05-26,13:00:00Z,NA
piastri,mclaren,18,2,2,70.424,2024,8,Monaco Grand Prix,monaco,Circuit de Monaco,43.7347,7.42056,Monte Carlo,Monaco,2024-05-26,13:00:00Z,NA
sainz,ferrari,15,3,3,70.518,2024,8,Monaco Grand Prix,monaco,Circuit de Monaco,43.7347,7.42056,Monte Carlo,Monaco,2024-05-26,13:00:00Z,NA
norris,mclaren,12,4,4,70.542,2024,8,Monaco Grand Prix,monaco,Circuit de Monaco,43.7347,7.42056,Monte Carlo,Monaco,2024-05-26,13:00:00Z,NA
russell,mercedes,10,5,5,70.543,2024,8,Monaco Grand Prix,monaco,Circuit de Monaco,43.7347,7.42056,Monte Carlo,Monaco,2024-05-26,13:00:00Z,NA
max_verstappen,red_bull,8,6,6,70.56700000000001,2024,8,Monaco Grand Prix,monaco,Circuit de Monaco,43.7347,7.42056,Monte Carlo,Monaco,2024-05-26,13:00:00Z,NA
hamilton,mercedes,7,7,7,70.621,2024,8,Monaco Grand Prix,monaco,Circuit de Monaco,43.7347,7.42056,Monte Carlo,Monaco,2024-05-26,13:00:00Z,NA
tsunoda,rb,4,8,8,70.858,2024,8,Monaco Grand Prix,monaco,Circuit de Monaco,43.7347,7.42056,Monte Carlo,Monaco,2024-05-26,13:00:00Z,NA
albon,williams,2,9,9,70.94800000000001,2024,8,Monaco Grand Prix,monaco,Circuit de Monaco,43.7347,7.42056,Monte Carlo,Monaco,2024-05-26,13:00:00Z,NA
gasly,alpine,1,10,10,70.896,2024,8,Monaco Grand Prix,monaco,Circuit de Monaco,43.7347,7.42056,Monte Carlo,Monaco,2024-05-26,13:00:00Z,NA
alonso,aston_martin,0,14,11,72.019,2024,8,Monaco Grand Prix,monaco,Circuit de Monaco,43.7347,7.42056,Monte Carlo,Monaco,2024-05-26,13:00:00Z,NA
ricciardo,rb,0,12,12,71.482,2024,8,Monaco Grand Prix,monaco,Circuit de Monaco,43.7347,7.42056,Monte Carlo,Monaco,2024-05-26,13:00:00Z,NA
bottas,sauber,0,17,13,72.512,2024,8,Monaco Grand Prix,monaco,Circuit de Monaco,43.7347,7.42056,Monte Carlo,Monaco,2024-05-26,13:00:00Z,NA
stroll,aston_martin,0,13,14,71.563,2024,8,Monaco Grand Prix,monaco,Circuit de Monaco,43.7347,7.42056,Monte Carlo,Monaco,2024-05-26,13:00:00Z,NA
sargeant,williams,0,15,15,72.02,2024,8,Monaco Grand Prix,monaco,Circuit de Monaco,43.7347,7.42056,Monte Carlo,Monaco,2024-05-26,13:00:00Z,NA
zhou,sauber,0,18,16,73.028,2024,8,Monaco Grand Prix,monaco,Circuit de Monaco,43.7347,7.42056,Monte Carlo,Monaco,2024-05-26,13:00:00Z,NA
ocon,alpine,0,11,17,71.285,2024,8,Monaco Grand Prix,monaco,Circuit de Monaco,43.7347,7.42056,Monte Carlo,Monaco,2024-05-26,13:00:00Z,NA
perez,red_bull,0,16,18,72.06,2024,8,Monaco Grand Prix,monaco,Circuit de Monaco,43.7347,7.42056,Monte Carlo,Monaco,2024-05-26,13:00:00Z,NA
hulkenberg,haas,0,19,19,71.44,2024,8,Monaco Grand Prix,monaco,Circuit de Monaco,43.7347,7.42056,Monte Carlo,Monaco,2024-05-26,13:00:00Z,NA
kevin_magnussen,haas,0,20,20,71.725,2024,8,Monaco Grand Prix,monaco,Circuit de Monaco,43.7347,7.42056,Monte Carlo,Monaco,2024-05-26,13:00:00Z,NA
max_verstappen,red_bull,25,2,1,72,2024,9,Canadian Grand Prix,villeneuve,Circuit Gilles Villeneuve,45.5,-73.5228,Montreal,Canada,2024-06-09,18:00:00Z,NA
norris,mclaren,18,3,2,72.021,2024,9,Canadian Grand Prix,villeneuve,Circuit Gilles Villeneuve,45.5,-73.5228,Montreal,Canada,2024-06-09,18:00:00Z,NA
russell,mercedes,15,1,3,71.742,2024,9,Canadian Grand Prix,villeneuve,Circuit Gilles Villeneuve,45.5,-73.5228,Montreal,Canada,2024-06-09,18:00:00Z,NA
hamilton,mercedes,13,7,4,71.979,2024,9,Canadian Grand Prix,villeneuve,Circuit Gilles Villeneuve,45.5,-73.5228,Montreal,Canada,2024-06-09,18:00:00Z,NA
piastri,mclaren,10,4,5,72.103,2024,9,Canadian Grand Prix,villeneuve,Circuit Gilles Villeneuve,45.5,-73.5228,Montreal,Canada,2024-06-09,18:00:00Z,NA
alonso,aston_martin,8,6,6,72.228,2024,9,Canadian Grand Prix,villeneuve,Circuit Gilles Villeneuve,45.5,-73.5228,Montreal,Canada,2024-06-09,18:00:00Z,NA
stroll,aston_martin,6,9,7,72.659,2024,9,Canadian Grand Prix,villeneuve,Circuit Gilles Villeneuve,45.5,-73.5228,Montreal,Canada,2024-06-09,18:00:00Z,NA
ricciardo,rb,4,5,8,72.178,2024,9,Canadian Grand Prix,villeneuve,Circuit Gilles Villeneuve,45.5,-73.5228,Montreal,Canada,2024-06-09,18:00:00Z,NA
gasly,alpine,2,15,9,72.94,2024,9,Canadian Grand Prix,villeneuve,Circuit Gilles Villeneuve,45.5,-73.5228,Montreal,Canada,2024-06-09,18:00:00Z,NA
ocon,alpine,1,18,10,73.435,2024,9,Canadian Grand Prix,villeneuve,Circuit Gilles Villeneuve,45.5,-73.5228,Montreal,Canada,2024-06-09,18:00:00Z,NA
hulkenberg,haas,0,17,11,73.978,2024,9,Canadian Grand Prix,villeneuve,Circuit Gilles Villeneuve,45.5,-73.5228,Montreal,Canada,2024-06-09,18:00:00Z,NA
kevin_magnussen,haas,0,14,12,72.916,2024,9,Canadian Grand Prix,villeneuve,Circuit Gilles Villeneuve,45.5,-73.5228,Montreal,Canada,2024-06-09,18:00:00Z,NA
bottas,sauber,0,19,13,73.366,2024,9,Canadian Grand Prix,villeneuve,Circuit Gilles Villeneuve,45.5,-73.5228,Montreal,Canada,2024-06-09,18:00:00Z,NA
tsunoda,rb,0,8,14,72.303,2024,9,Canadian Grand Prix,villeneuve,Circuit Gilles Villeneuve,45.5,-73.5228,Montreal,Canada,2024-06-09,18:00:00Z,NA
zhou,sauber,0,20,15,74.292,2024,9,Canadian Grand Prix,villeneuve,Circuit Gilles Villeneuve,45.5,-73.5228,Montreal,Canada,2024-06-09,18:00:00Z,NA
sainz,ferrari,0,12,16,72.728,2024,9,Canadian Grand Prix,villeneuve,Circuit Gilles Villeneuve,45.5,-73.5228,Montreal,Canada,2024-06-09,18:00:00Z,NA
albon,williams,0,10,17,72.485,2024,9,Canadian Grand Prix,villeneuve,Circuit Gilles Villeneuve,45.5,-73.5228,Montreal,Canada,2024-06-09,18:00:00Z,NA
perez,red_bull,0,16,18,73.326,2024,9,Canadian Grand Prix,villeneuve,Circuit Gilles Villeneuve,45.5,-73.5228,Montreal,Canada,2024-06-09,18:00:00Z,NA
leclerc,ferrari,0,11,19,72.691,2024,9,Canadian Grand Prix,villeneuve,Circuit Gilles Villeneuve,45.5,-73.5228,Montreal,Canada,2024-06-09,18:00:00Z,NA
sargeant,williams,0,13,20,72.736,2024,9,Canadian Grand Prix,villeneuve,Circuit Gilles Villeneuve,45.5,-73.5228,Montreal,Canada,2024-06-09,18:00:00Z,NA
max_verstappen,red_bull,25,2,1,71.403,2024,10,Spanish Grand Prix,catalunya,Circuit de Barcelona-Catalunya,41.57,2.26111,Barcelona,Spain,2024-06-23,13:00:00Z,NA
norris,mclaren,19,1,2,71.383,2024,10,Spanish Grand Prix,catalunya,Circuit de Barcelona-Catalunya,41.57,2.26111,Barcelona,Spain,2024-06-23,13:00:00Z,NA
hamilton,mercedes,15,3,3,71.701,2024,10,Spanish Grand Prix,catalunya,Circuit de Barcelona-Catalunya,41.57,2.26111,Barcelona,Spain,2024-06-23,13:00:00Z,NA
russell,mercedes,12,4,4,71.703,2024,10,Spanish Grand Prix,catalunya,Circuit de Barcelona-Catalunya,41.57,2.26111,Barcelona,Spain,2024-06-23,13:00:00Z,NA
leclerc,ferrari,10,5,5,71.731,2024,10,Spanish Grand Prix,catalunya,Circuit de Barcelona-Catalunya,41.57,2.26111,Barcelona,Spain,2024-06-23,13:00:00Z,NA
sainz,ferrari,8,6,6,71.736,2024,10,Spanish Grand Prix,catalunya,Circuit de Barcelona-Catalunya,41.57,2.26111,Barcelona,Spain,2024-06-23,13:00:00Z,NA
piastri,mclaren,6,9,7,72.011,2024,10,Spanish Grand Prix,catalunya,Circuit de Barcelona-Catalunya,41.57,2.26111,Barcelona,Spain,2024-06-23,13:00:00Z,NA
perez,red_bull,4,11,8,72.054,2024,10,Spanish Grand Prix,catalunya,Circuit de Barcelona-Catalunya,41.57,2.26111,Barcelona,Spain,2024-06-23,13:00:00Z,NA
gasly,alpine,2,7,9,71.857,2024,10,Spanish Grand Prix,catalunya,Circuit de Barcelona-Catalunya,41.57,2.26111,Barcelona,Spain,2024-06-23,13:00:00Z,NA
ocon,alpine,1,8,10,72.109,2024,10,Spanish Grand Prix,catalunya,Circuit de Barcelona-Catalunya,41.57,2.26111,Barcelona,Spain,2024-06-23,13:00:00Z,NA
hulkenberg,haas,0,13,11,72.31,2024,10,Spanish Grand Prix,catalunya,Circuit de Barcelona-Catalunya,41.57,2.26111,Barcelona,Spain,2024-06-23,13:00:00Z,NA
alonso,aston_martin,0,10,12,72.128,2024,10,Spanish Grand Prix,catalunya,Circuit de Barcelona-Catalunya,41.57,2.26111,Barcelona,Spain,2024-06-23,13:00:00Z,NA
zhou,sauber,0,15,13,72.738,2024,10,Spanish Grand Prix,catalunya,Circuit de Barcelona-Catalunya,41.57,2.26111,Barcelona,Spain,2024-06-23,13:00:00Z,NA
stroll,aston_martin,0,14,14,72.372,2024,10,Spanish Grand Prix,catalunya,Circuit de Barcelona-Catalunya,41.57,2.26111,Barcelona,Spain,2024-06-23,13:00:00Z,NA
ricciardo,rb,0,18,15,73.075,2024,10,Spanish Grand Prix,catalunya,Circuit de Barcelona-Catalunya,41.57,2.26111,Barcelona,Spain,2024-06-23,13:00:00Z,NA
bottas,sauber,0,12,16,72.227,2024,10,Spanish Grand Prix,catalunya,Circuit de Barcelona-Catalunya,41.57,2.26111,Barcelona,Spain,2024-06-23,13:00:00Z,NA
kevin_magnussen,haas,0,16,17,72.937,2024,10,Spanish Grand Prix,catalunya,Circuit de Barcelona-Catalunya,41.57,2.26111,Barcelona,Spain,2024-06-23,13:00:00Z,NA
albon,williams,0,20,18,73.153,2024,10,Spanish Grand Prix,catalunya,Circuit de Barcelona-Catalunya,41.57,2.26111,Barcelona,Spain,2024-06-23,13:00:00Z,NA
tsunoda,rb,0,17,19,72.985,2024,10,Spanish Grand Prix,catalunya,Circuit de Barcelona-Catalunya,41.57,2.26111,Barcelona,Spain,2024-06-23,13:00:00Z,NA
sargeant,williams,0,19,20,73.509,2024,10,Spanish Grand Prix,catalunya,Circuit de Barcelona-Catalunya,41.57,2.26111,Barcelona,Spain,2024-06-23,13:00:00Z,NA
russell,mercedes,25,3,1,64.84,2024,11,Austrian Grand Prix,red_bull_ring,Red Bull Ring,47.2197,14.7647,Spielberg,Austria,2024-06-30,13:00:00Z,2024-06-29
piastri,mclaren,18,7,2,65.048,2024,11,Austrian Grand Prix,red_bull_ring,Red Bull Ring,47.2197,14.7647,Spielberg,Austria,2024-06-30,13:00:00Z,2024-06-29
sainz,ferrari,15,4,3,64.851,2024,11,Austrian Grand Prix,red_bull_ring,Red Bull Ring,47.2197,14.7647,Spielberg,Austria,2024-06-30,13:00:00Z,2024-06-29
hamilton,mercedes,12,5,4,64.903,2024,11,Austrian Grand Prix,red_bull_ring,Red Bull Ring,47.2197,14.7647,Spielberg,Austria,2024-06-30,13:00:00Z,2024-06-29
max_verstappen,red_bull,10,1,5,64.314,2024,11,Austrian Grand Prix,red_bull_ring,Red Bull Ring,47.2197,14.7647,Spielberg,Austria,2024-06-30,13:00:00Z,2024-06-29
hulkenberg,haas,8,9,6,65.262,2024,11,Austrian Grand Prix,red_bull_ring,Red Bull Ring,47.2197,14.7647,Spielberg,Austria,2024-06-30,13:00:00Z,2024-06-29
perez,red_bull,6,8,7,65.144,2024,11,Austrian Grand Prix,red_bull_ring,Red Bull Ring,47.2197,14.7647,Spielberg,Austria,2024-06-30,13:00:00Z,2024-06-29
kevin_magnussen,haas,4,12,8,65.347,2024,11,Austrian Grand Prix,red_bull_ring,Red Bull Ring,47.2197,14.7647,Spielberg,Austria,2024-06-30,13:00:00Z,2024-06-29
ricciardo,rb,2,11,9,65.289,2024,11,Austrian Grand Prix,red_bull_ring,Red Bull Ring,47.2197,14.7647,Spielberg,Austria,2024-06-30,13:00:00Z,2024-06-29
gasly,alpine,1,13,10,65.359,2024,11,Austrian Grand Prix,red_bull_ring,Red Bull Ring,47.2197,14.7647,Spielberg,Austria,2024-06-30,13:00:00Z,2024-06-29
leclerc,ferrari,0,6,11,65.044,2024,11,Austrian Grand Prix,red_bull_ring,Red Bull Ring,47.2197,14.7647,Spielberg,Austria,2024-06-30,13:00:00Z,2024-06-29
ocon,alpine,0,10,12,65.274,2024,11,Austrian Grand Prix,red_bull_ring,Red Bull Ring,47.2197,14.7647,Spielberg,Austria,2024-06-30,13:00:00Z,2024-06-29
stroll,aston_martin,0,17,13,65.819,2024,11,Austrian Grand Prix,red_bull_ring,Red Bull Ring,47.2197,14.7647,Spielberg,Austria,2024-06-30,13:00:00Z,2024-06-29
tsunoda,rb,0,14,14,65.412,2024,11,Austrian Grand Prix,red_bull_ring,Red Bull Ring,47.2197,14.7647,Spielberg,Austria,2024-06-30,13:00:00Z,2024-06-29
albon,williams,0,16,15,65.736,2024,11,Austrian Grand Prix,red_bull_ring,Red Bull Ring,47.2197,14.7647,Spielberg,Austria,2024-06-30,13:00:00Z,2024-06-29
bottas,sauber,0,18,16,65.847,2024,11,Austrian Grand Prix,red_bull_ring,Red Bull Ring,47.2197,14.7647,Spielberg,Austria,2024-06-30,13:00:00Z,2024-06-29
zhou,sauber,0,20,17,66.061,2024,11,Austrian Grand Prix,red_bull_ring,Red Bull Ring,47.2197,14.7647,Spielberg,Austria,2024-06-30,13:00:00Z,2024-06-29
alonso,aston_martin,0,15,18,65.639,2024,11,Austrian Grand Prix,red_bull_ring,Red Bull Ring,47.2197,14.7647,Spielberg,Austria,2024-06-30,13:00:00Z,2024-06-29
sargeant,williams,0,19,19,65.856,2024,11,Austrian Grand Prix,red_bull_ring,Red Bull Ring,47.2197,14.7647,Spielberg,Austria,2024-06-30,13:00:00Z,2024-06-29
norris,mclaren,0,2,20,64.718,2024,11,Austrian Grand Prix,red_bull_ring,Red Bull Ring,47.2197,14.7647,Spielberg,Austria,2024-06-30,13:00:00Z,2024-06-29
hamilton,mercedes,25,2,1,85.99,2024,12,British Grand Prix,silverstone,Silverstone Circuit,52.0786,-1.01694,Silverstone,UK,2024-07-07,14:00:00Z,NA
max_verstappen,red_bull,18,4,2,86.203,2024,12,British Grand Prix,silverstone,Silverstone Circuit,52.0786,-1.01694,Silverstone,UK,2024-07-07,14:00:00Z,NA
norris,mclaren,15,3,3,86.03,2024,12,British Grand Prix,silverstone,Silverstone Circuit,52.0786,-1.01694,Silverstone,UK,2024-07-07,14:00:00Z,NA
piastri,mclaren,12,5,4,86.237,2024,12,British Grand Prix,silverstone,Silverstone Circuit,52.0786,-1.01694,Silverstone,UK,2024-07-07,14:00:00Z,NA
sainz,ferrari,11,7,5,86.509,2024,12,British Grand Prix,silverstone,Silverstone Circuit,52.0786,-1.01694,Silverstone,UK,2024-07-07,14:00:00Z,NA
hulkenberg,haas,8,6,6,86.338,2024,12,British Grand Prix,silverstone,Silverstone Circuit,52.0786,-1.01694,Silverstone,UK,2024-07-07,14:00:00Z,NA
stroll,aston_martin,6,8,7,86.58500000000001,2024,12,British Grand Prix,silverstone,Silverstone Circuit,52.0786,-1.01694,Silverstone,UK,2024-07-07,14:00:00Z,NA
alonso,aston_martin,4,10,8,86.73,2024,12,British Grand Prix,silverstone,Silverstone Circuit,52.0786,-1.01694,Silverstone,UK,2024-07-07,14:00:00Z,NA
albon,williams,2,9,9,86.64,2024,12,British Grand Prix,silverstone,Silverstone Circuit,52.0786,-1.01694,Silverstone,UK,2024-07-07,14:00:00Z,NA
tsunoda,rb,1,13,10,87.269,2024,12,British Grand Prix,silverstone,Silverstone Circuit,52.0786,-1.01694,Silverstone,UK,2024-07-07,14:00:00Z,NA
sargeant,williams,0,12,11,87.175,2024,12,British Grand Prix,silverstone,Silverstone Circuit,52.0786,-1.01694,Silverstone,UK,2024-07-07,14:00:00Z,NA
kevin_magnussen,haas,0,17,12,92.905,2024,12,British Grand Prix,silverstone,Silverstone Circuit,52.0786,-1.01694,Silverstone,UK,2024-07-07,14:00:00Z,NA
ricciardo,rb,0,15,13,87.949,2024,12,British Grand Prix,silverstone,Silverstone Circuit,52.0786,-1.01694,Silverstone,UK,2024-07-07,14:00:00Z,NA
leclerc,ferrari,0,11,14,87.09700000000001,2024,12,British Grand Prix,silverstone,Silverstone Circuit,52.0786,-1.01694,Silverstone,UK,2024-07-07,14:00:00Z,NA
bottas,sauber,0,16,15,92.431,2024,12,British Grand Prix,silverstone,Silverstone Circuit,52.0786,-1.01694,Silverstone,UK,2024-07-07,14:00:00Z,NA
ocon,alpine,0,18,16,94.557,2024,12,British Grand Prix,silverstone,Silverstone Circuit,52.0786,-1.01694,Silverstone,UK,2024-07-07,14:00:00Z,NA
perez,red_bull,0,20,17,98.348,2024,12,British Grand Prix,silverstone,Silverstone Circuit,52.0786,-1.01694,Silverstone,UK,2024-07-07,14:00:00Z,NA
zhou,sauber,0,14,18,87.867,2024,12,British Grand Prix,silverstone,Silverstone Circuit,52.0786,-1.01694,Silverstone,UK,2024-07-07,14:00:00Z,NA
russell,mercedes,0,1,19,85.819,2024,12,British Grand Prix,silverstone,Silverstone Circuit,52.0786,-1.01694,Silverstone,UK,2024-07-07,14:00:00Z,NA
gasly,alpine,0,19,20,99.804,2024,12,British Grand Prix,silverstone,Silverstone Circuit,52.0786,-1.01694,Silverstone,UK,2024-07-07,14:00:00Z,NA
piastri,mclaren,25,2,1,75.249,2024,13,Hungarian Grand Prix,hungaroring,Hungaroring,47.5789,19.2486,Budapest,Hungary,2024-07-21,13:00:00Z,NA
norris,mclaren,18,1,2,75.227,2024,13,Hungarian Grand Prix,hungaroring,Hungaroring,47.5789,19.2486,Budapest,Hungary,2024-07-21,13:00:00Z,NA
hamilton,mercedes,15,5,3,75.854,2024,13,Hungarian Grand Prix,hungaroring,Hungaroring,47.5789,19.2486,Budapest,Hungary,2024-07-21,13:00:00Z,NA
leclerc,ferrari,12,6,4,75.891,2024,13,Hungarian Grand Prix,hungaroring,Hungaroring,47.5789,19.2486,Budapest,Hungary,2024-07-21,13:00:00Z,NA
max_verstappen,red_bull,10,3,5,75.273,2024,13,Hungarian Grand Prix,hungaroring,Hungaroring,47.5789,19.2486,Budapest,Hungary,2024-07-21,13:00:00Z,NA
sainz,ferrari,8,4,6,75.696,2024,13,Hungarian Grand Prix,hungaroring,Hungaroring,47.5789,19.2486,Budapest,Hungary,2024-07-21,13:00:00Z,NA
perez,red_bull,6,16,7,77.886,2024,13,Hungarian Grand Prix,hungaroring,Hungaroring,47.5789,19.2486,Budapest,Hungary,2024-07-21,13:00:00Z,NA
russell,mercedes,5,17,8,77.968,2024,13,Hungarian Grand Prix,hungaroring,Hungaroring,47.5789,19.2486,Budapest,Hungary,2024-07-21,13:00:00Z,NA
tsunoda,rb,2,10,9,76.121,2024,13,Hungarian Grand Prix,hungaroring,Hungaroring,47.5789,19.2486,Budapest,Hungary,2024-07-21,13:00:00Z,NA
stroll,aston_martin,1,8,10,76.075,2024,13,Hungarian Grand Prix,hungaroring,Hungaroring,47.5789,19.2486,Budapest,Hungary,2024-07-21,13:00:00Z,NA
alonso,aston_martin,0,7,11,76.043,2024,13,Hungarian Grand Prix,hungaroring,Hungaroring,47.5789,19.2486,Budapest,Hungary,2024-07-21,13:00:00Z,NA
ricciardo,rb,0,9,12,76.202,2024,13,Hungarian Grand Prix,hungaroring,Hungaroring,47.5789,19.2486,Budapest,Hungary,2024-07-21,13:00:00Z,NA
hulkenberg,haas,0,11,13,76.31700000000001,2024,13,Hungarian Grand Prix,hungaroring,Hungaroring,47.5789,19.2486,Budapest,Hungary,2024-07-21,13:00:00Z,NA
albon,williams,0,13,14,76.429,2024,13,Hungarian Grand Prix,hungaroring,Hungaroring,47.5789,19.2486,Budapest,Hungary,2024-07-21,13:00:00Z,NA
kevin_magnussen,haas,0,15,15,76.548,2024,13,Hungarian Grand Prix,hungaroring,Hungaroring,47.5789,19.2486,Budapest,Hungary,2024-07-21,13:00:00Z,NA
bottas,sauber,0,12,16,76.384,2024,13,Hungarian Grand Prix,hungaroring,Hungaroring,47.5789,19.2486,Budapest,Hungary,2024-07-21,13:00:00Z,NA
sargeant,williams,0,14,17,76.543,2024,13,Hungarian Grand Prix,hungaroring,Hungaroring,47.5789,19.2486,Budapest,Hungary,2024-07-21,13:00:00Z,NA
ocon,alpine,0,19,18,78.049,2024,13,Hungarian Grand Prix,hungaroring,Hungaroring,47.5789,19.2486,Budapest,Hungary,2024-07-21,13:00:00Z,NA
zhou,sauber,0,18,19,78.037,2024,13,Hungarian Grand Prix,hungaroring,Hungaroring,47.5789,19.2486,Budapest,Hungary,2024-07-21,13:00:00Z,NA
gasly,alpine,0,20,20,78.166,2024,13,Hungarian Grand Prix,hungaroring,Hungaroring,47.5789,19.2486,Budapest,Hungary,2024-07-21,13:00:00Z,NA
hamilton,mercedes,25,3,1,113.83500000000001,2024,14,Belgian Grand Prix,spa,Circuit de Spa-Francorchamps,50.4372,5.97139,Spa,Belgium,2024-07-28,13:00:00Z,NA
piastri,mclaren,18,5,2,114.027,2024,14,Belgian Grand Prix,spa,Circuit de Spa-Francorchamps,50.4372,5.97139,Spa,Belgium,2024-07-28,13:00:00Z,NA
leclerc,ferrari,15,1,3,113.75399999999999,2024,14,Belgian Grand Prix,spa,Circuit de Spa-Francorchamps,50.4372,5.97139,Spa,Belgium,2024-07-28,13:00:00Z,NA
max_verstappen,red_bull,12,11,4,113.15899999999999,2024,14,Belgian Grand Prix,spa,Circuit de Spa-Francorchamps,50.4372,5.97139,Spa,Belgium,2024-07-28,13:00:00Z,NA
norris,mclaren,10,4,5,113.981,2024,14,Belgian Grand Prix,spa,Circuit de Spa-Francorchamps,50.4372,5.97139,Spa,Belgium,2024-07-28,13:00:00Z,NA
sainz,ferrari,8,7,6,114.112,2024,14,Belgian Grand Prix,spa,Circuit de Spa-Francorchamps,50.4372,5.97139,Spa,Belgium,2024-07-28,13:00:00Z,NA
perez,red_bull,7,2,7,113.765,2024,14,Belgian Grand Prix,spa,Circuit de Spa-Francorchamps,50.4372,5.97139,Spa,Belgium,2024-07-28,13:00:00Z,NA
alonso,aston_martin,4,8,8,114.25800000000001,2024,14,Belgian Grand Prix,spa,Circuit de Spa-Francorchamps,50.4372,5.97139,Spa,Belgium,2024-07-28,13:00:00Z,NA
ocon,alpine,2,9,9,114.46000000000001,2024,14,Belgian Grand Prix,spa,Circuit de Spa-Francorchamps,50.4372,5.97139,Spa,Belgium,2024-07-28,13:00:00Z,NA
ricciardo,rb,1,13,10,114.682,2024,14,Belgian Grand Prix,spa,Circuit de Spa-Francorchamps,50.4372,5.97139,Spa,Belgium,2024-07-28,13:00:00Z,NA
stroll,aston_martin,0,15,11,115.71600000000001,2024,14,Belgian Grand Prix,spa,Circuit de Spa-Francorchamps,50.4372,5.97139,Spa,Belgium,2024-07-28,13:00:00Z,NA
albon,williams,0,10,12,114.473,2024,14,Belgian Grand Prix,spa,Circuit de Spa-Francorchamps,50.4372,5.97139,Spa,Belgium,2024-07-28,13:00:00Z,NA
gasly,alpine,0,12,13,114.63499999999999,2024,14,Belgian Grand Prix,spa,Circuit de Spa-Francorchamps,50.4372,5.97139,Spa,Belgium,2024-07-28,13:00:00Z,NA
kevin_magnussen,haas,0,17,14,116.5,2024,14,Belgian Grand Prix,spa,Circuit de Spa-Francorchamps,50.4372,5.97139,Spa,Belgium,2024-07-28,13:00:00Z,NA
bottas,sauber,0,14,15,114.76400000000001,2024,14,Belgian Grand Prix,spa,Circuit de Spa-Francorchamps,50.4372,5.97139,Spa,Belgium,2024-07-28,13:00:00Z,NA
tsunoda,rb,0,20,16,116.593,2024,14,Belgian Grand Prix,spa,Circuit de Spa-Francorchamps,50.4372,5.97139,Spa,Belgium,2024-07-28,13:00:00Z,NA
sargeant,williams,0,18,17,117.22999999999999,2024,14,Belgian Grand Prix,spa,Circuit de Spa-Francorchamps,50.4372,5.97139,Spa,Belgium,2024-07-28,13:00:00Z,NA
hulkenberg,haas,0,16,18,116.30799999999999,2024,14,Belgian Grand Prix,spa,Circuit de Spa-Francorchamps,50.4372,5.97139,Spa,Belgium,2024-07-28,13:00:00Z,NA
zhou,sauber,0,19,19,117.775,2024,14,Belgian Grand Prix,spa,Circuit de Spa-Francorchamps,50.4372,5.97139,Spa,Belgium,2024-07-28,13:00:00Z,NA
russell,mercedes,0,6,20,114.095,2024,14,Belgian Grand Prix,spa,Circuit de Spa-Francorchamps,50.4372,5.97139,Spa,Belgium,2024-07-28,13:00:00Z,NA
norris,mclaren,26,1,1,69.673,2024,15,Dutch Grand Prix,zandvoort,Circuit Park Zandvoort,52.3888,4.54092,Zandvoort,Netherlands,2024-08-25,13:00:00Z,NA
max_verstappen,red_bull,18,2,2,70.029,2024,15,Dutch Grand Prix,zandvoort,Circuit Park Zandvoort,52.3888,4.54092,Zandvoort,Netherlands,2024-08-25,13:00:00Z,NA
leclerc,ferrari,15,6,3,70.582,2024,15,Dutch Grand Prix,zandvoort,Circuit Park Zandvoort,52.3888,4.54092,Zandvoort,Netherlands,2024-08-25,13:00:00Z,NA
piastri,mclaren,12,3,4,70.172,2024,15,Dutch Grand Prix,zandvoort,Circuit Park Zandvoort,52.3888,4.54092,Zandvoort,Netherlands,2024-08-25,13:00:00Z,NA
sainz,ferrari,10,10,5,70.914,2024,15,Dutch Grand Prix,zandvoort,Circuit Park Zandvoort,52.3888,4.54092,Zandvoort,Netherlands,2024-08-25,13:00:00Z,NA
perez,red_bull,8,5,6,70.416,2024,15,Dutch Grand Prix,zandvoort,Circuit Park Zandvoort,52.3888,4.54092,Zandvoort,Netherlands,2024-08-25,13:00:00Z,NA
russell,mercedes,6,4,7,70.244,2024,15,Dutch Grand Prix,zandvoort,Circuit Park Zandvoort,52.3888,4.54092,Zandvoort,Netherlands,2024-08-25,13:00:00Z,NA
hamilton,mercedes,4,14,8,70.94800000000001,2024,15,Dutch Grand Prix,zandvoort,Circuit Park Zandvoort,52.3888,4.54092,Zandvoort,Netherlands,2024-08-25,13:00:00Z,NA
gasly,alpine,2,9,9,70.815,2024,15,Dutch Grand Prix,zandvoort,Circuit Park Zandvoort,52.3888,4.54092,Zandvoort,Netherlands,2024-08-25,13:00:00Z,NA
alonso,aston_martin,1,7,10,70.633,2024,15,Dutch Grand Prix,zandvoort,Circuit Park Zandvoort,52.3888,4.54092,Zandvoort,Netherlands,2024-08-25,13:00:00Z,NA
hulkenberg,haas,0,12,11,71.215,2024,15,Dutch Grand Prix,zandvoort,Circuit Park Zandvoort,52.3888,4.54092,Zandvoort,Netherlands,2024-08-25,13:00:00Z,NA
ricciardo,rb,0,13,12,71.943,2024,15,Dutch Grand Prix,zandvoort,Circuit Park Zandvoort,52.3888,4.54092,Zandvoort,Netherlands,2024-08-25,13:00:00Z,NA
stroll,aston_martin,0,8,13,70.661,2024,15,Dutch Grand Prix,zandvoort,Circuit Park Zandvoort,52.3888,4.54092,Zandvoort,Netherlands,2024-08-25,13:00:00Z,NA
albon,williams,0,19,14,70.653,2024,15,Dutch Grand Prix,zandvoort,Circuit Park Zandvoort,52.3888,4.54092,Zandvoort,Netherlands,2024-08-25,13:00:00Z,NA
ocon,alpine,0,15,15,71.995,2024,15,Dutch Grand Prix,zandvoort,Circuit Park Zandvoort,52.3888,4.54092,Zandvoort,Netherlands,2024-08-25,13:00:00Z,NA
sargeant,williams,0,18,16,Inf,2024,15,Dutch Grand Prix,zandvoort,Circuit Park Zandvoort,52.3888,4.54092,Zandvoort,Netherlands,2024-08-25,13:00:00Z,NA
tsunoda,rb,0,11,17,70.955,2024,15,Dutch Grand Prix,zandvoort,Circuit Park Zandvoort,52.3888,4.54092,Zandvoort,Netherlands,2024-08-25,13:00:00Z,NA
kevin_magnussen,haas,0,20,18,71.295,2024,15,Dutch Grand Prix,zandvoort,Circuit Park Zandvoort,52.3888,4.54092,Zandvoort,Netherlands,2024-08-25,13:00:00Z,NA
bottas,sauber,0,16,19,72.168,2024,15,Dutch Grand Prix,zandvoort,Circuit Park Zandvoort,52.3888,4.54092,Zandvoort,Netherlands,2024-08-25,13:00:00Z,NA
zhou,sauber,0,17,20,73.261,2024,15,Dutch Grand Prix,zandvoort,Circuit Park Zandvoort,52.3888,4.54092,Zandvoort,Netherlands,2024-08-25,13:00:00Z,NA
leclerc,ferrari,25,4,1,79.461,2024,16,Italian Grand Prix,monza,Autodromo Nazionale di Monza,45.6156,9.28111,Monza,Italy,2024-09-01,13:00:00Z,NA
piastri,mclaren,18,2,2,79.436,2024,16,Italian Grand Prix,monza,Autodromo Nazionale di Monza,45.6156,9.28111,Monza,Italy,2024-09-01,13:00:00Z,NA
norris,mclaren,16,1,3,79.327,2024,16,Italian Grand Prix,monza,Autodromo Nazionale di Monza,45.6156,9.28111,Monza,Italy,2024-09-01,13:00:00Z,NA
sainz,ferrari,12,5,4,79.467,2024,16,Italian Grand Prix,monza,Autodromo Nazionale di Monza,45.6156,9.28111,Monza,Italy,2024-09-01,13:00:00Z,NA
hamilton,mercedes,10,6,5,79.513,2024,16,Italian Grand Prix,monza,Autodromo Nazionale di Monza,45.6156,9.28111,Monza,Italy,2024-09-01,13:00:00Z,NA
max_verstappen,red_bull,8,7,6,79.662,2024,16,Italian Grand Prix,monza,Autodromo Nazionale di Monza,45.6156,9.28111,Monza,Italy,2024-09-01,13:00:00Z,NA
russell,mercedes,6,3,7,79.44,2024,16,Italian Grand Prix,monza,Autodromo Nazionale di Monza,45.6156,9.28111,Monza,Italy,2024-09-01,13:00:00Z,NA
perez,red_bull,4,8,8,80.062,2024,16,Italian Grand Prix,monza,Autodromo Nazionale di Monza,45.6156,9.28111,Monza,Italy,2024-09-01,13:00:00Z,NA
albon,williams,2,9,9,80.299,2024,16,Italian Grand Prix,monza,Autodromo Nazionale di Monza,45.6156,9.28111,Monza,Italy,2024-09-01,13:00:00Z,NA
kevin_magnussen,haas,1,13,10,80.69800000000001,2024,16,Italian Grand Prix,monza,Autodromo Nazionale di Monza,45.6156,9.28111,Monza,Italy,2024-09-01,13:00:00Z,NA
alonso,aston_martin,0,11,11,80.42099999999999,2024,16,Italian Grand Prix,monza,Autodromo Nazionale di Monza,45.6156,9.28111,Monza,Italy,2024-09-01,13:00:00Z,NA
colapinto,williams,0,18,12,81.061,2024,16,Italian Grand Prix,monza,Autodromo Nazionale di Monza,45.6156,9.28111,Monza,Italy,2024-09-01,13:00:00Z,NA
ricciardo,rb,0,12,13,80.479,2024,16,Italian Grand Prix,monza,Autodromo Nazionale di Monza,45.6156,9.28111,Monza,Italy,2024-09-01,13:00:00Z,NA
ocon,alpine,0,15,14,80.764,2024,16,Italian Grand Prix,monza,Autodromo Nazionale di Monza,45.6156,9.28111,Monza,Italy,2024-09-01,13:00:00Z,NA
gasly,alpine,0,14,15,80.738,2024,16,Italian Grand Prix,monza,Autodromo Nazionale di Monza,45.6156,9.28111,Monza,Italy,2024-09-01,13:00:00Z,NA
bottas,sauber,0,19,16,81.101,2024,16,Italian Grand Prix,monza,Autodromo Nazionale di Monza,45.6156,9.28111,Monza,Italy,2024-09-01,13:00:00Z,NA
hulkenberg,haas,0,10,17,80.339,2024,16,Italian Grand Prix,monza,Autodromo Nazionale di Monza,45.6156,9.28111,Monza,Italy,2024-09-01,13:00:00Z,NA
zhou,sauber,0,20,18,81.445,2024,16,Italian Grand Prix,monza,Autodromo Nazionale di Monza,45.6156,9.28111,Monza,Italy,2024-09-01,13:00:00Z,NA
stroll,aston_martin,0,17,19,81.013,2024,16,Italian Grand Prix,monza,Autodromo Nazionale di Monza,45.6156,9.28111,Monza,Italy,2024-09-01,13:00:00Z,NA
tsunoda,rb,0,16,20,80.945,2024,16,Italian Grand Prix,monza,Autodromo Nazionale di Monza,45.6156,9.28111,Monza,Italy,2024-09-01,13:00:00Z,NA
piastri,mclaren,25,2,1,101.686,2024,17,Azerbaijan Grand Prix,baku,Baku City Circuit,40.3725,49.8533,Baku,Azerbaijan,2024-09-15,11:00:00Z,NA
leclerc,ferrari,18,1,2,101.36500000000001,2024,17,Azerbaijan Grand Prix,baku,Baku City Circuit,40.3725,49.8533,Baku,Azerbaijan,2024-09-15,11:00:00Z,NA
russell,mercedes,15,5,3,101.874,2024,17,Azerbaijan Grand Prix,baku,Baku City Circuit,40.3725,49.8533,Baku,Azerbaijan,2024-09-15,11:00:00Z,NA
norris,mclaren,13,15,4,103.60900000000001,2024,17,Azerbaijan Grand Prix,baku,Baku City Circuit,40.3725,49.8533,Baku,Azerbaijan,2024-09-15,11:00:00Z,NA
max_verstappen,red_bull,10,6,5,102.023,2024,17,Azerbaijan Grand Prix,baku,Baku City Circuit,40.3725,49.8533,Baku,Azerbaijan,2024-09-15,11:00:00Z,NA
alonso,aston_martin,8,7,6,102.369,2024,17,Azerbaijan Grand Prix,baku,Baku City Circuit,40.3725,49.8533,Baku,Azerbaijan,2024-09-15,11:00:00Z,NA
albon,williams,6,9,7,102.84,2024,17,Azerbaijan Grand Prix,baku,Baku City Circuit,40.3725,49.8533,Baku,Azerbaijan,2024-09-15,11:00:00Z,NA
colapinto,williams,4,8,8,102.473,2024,17,Azerbaijan Grand Prix,baku,Baku City Circuit,40.3725,49.8533,Baku,Azerbaijan,2024-09-15,11:00:00Z,NA
hamilton,mercedes,2,19,9,102.289,2024,17,Azerbaijan Grand Prix,baku,Baku City Circuit,40.3725,49.8533,Baku,Azerbaijan,2024-09-15,11:00:00Z,NA
bearman,haas,1,10,10,102.968,2024,17,Azerbaijan Grand Prix,baku,Baku City Circuit,40.3725,49.8533,Baku,Azerbaijan,2024-09-15,11:00:00Z,NA
hulkenberg,haas,0,12,11,103.101,2024,17,Azerbaijan Grand Prix,baku,Baku City Circuit,40.3725,49.8533,Baku,Azerbaijan,2024-09-15,11:00:00Z,NA
gasly,alpine,0,18,12,103.179,2024,17,Azerbaijan Grand Prix,baku,Baku City Circuit,40.3725,49.8533,Baku,Azerbaijan,2024-09-15,11:00:00Z,NA
ricciardo,rb,0,14,13,103.547,2024,17,Azerbaijan Grand Prix,baku,Baku City Circuit,40.3725,49.8533,Baku,Azerbaijan,2024-09-15,11:00:00Z,NA
zhou,sauber,0,17,14,104.24600000000001,2024,17,Azerbaijan Grand Prix,baku,Baku City Circuit,40.3725,49.8533,Baku,Azerbaijan,2024-09-15,11:00:00Z,NA
ocon,alpine,0,20,15,104.50399999999999,2024,17,Azerbaijan Grand Prix,baku,Baku City Circuit,40.3725,49.8533,Baku,Azerbaijan,2024-09-15,11:00:00Z,NA
bottas,sauber,0,16,16,103.618,2024,17,Azerbaijan Grand Prix,baku,Baku City Circuit,40.3725,49.8533,Baku,Azerbaijan,2024-09-15,11:00:00Z,NA
perez,red_bull,0,4,17,101.813,2024,17,Azerbaijan Grand Prix,baku,Baku City Circuit,40.3725,49.8533,Baku,Azerbaijan,2024-09-15,11:00:00Z,NA
sainz,ferrari,0,3,18,101.805,2024,17,Azerbaijan Grand Prix,baku,Baku City Circuit,40.3725,49.8533,Baku,Azerbaijan,2024-09-15,11:00:00Z,NA
stroll,aston_martin,0,13,19,103.37,2024,17,Azerbaijan Grand Prix,baku,Baku City Circuit,40.3725,49.8533,Baku,Azerbaijan,2024-09-15,11:00:00Z,NA
tsunoda,rb,0,11,20,103.035,2024,17,Azerbaijan Grand Prix,baku,Baku City Circuit,40.3725,49.8533,Baku,Azerbaijan,2024-09-15,11:00:00Z,NA
norris,mclaren,25,1,1,89.525,2024,18,Singapore Grand Prix,marina_bay,Marina Bay Street Circuit,1.2914,103.864,Marina Bay,Singapore,2024-09-22,12:00:00Z,NA
max_verstappen,red_bull,18,2,2,89.68,2024,18,Singapore Grand Prix,marina_bay,Marina Bay Street Circuit,1.2914,103.864,Marina Bay,Singapore,2024-09-22,12:00:00Z,NA
piastri,mclaren,15,5,3,89.64,2024,18,Singapore Grand Prix,marina_bay,Marina Bay Street Circuit,1.2914,103.864,Marina Bay,Singapore,2024-09-22,12:00:00Z,NA
russell,mercedes,12,4,4,89.867,2024,18,Singapore Grand Prix,marina_bay,Marina Bay Street Circuit,1.2914,103.864,Marina Bay,Singapore,2024-09-22,12:00:00Z,NA
leclerc,ferrari,10,9,5,89.747,2024,18,Singapore Grand Prix,marina_bay,Marina Bay Street Circuit,1.2914,103.864,Marina Bay,Singapore,2024-09-22,12:00:00Z,NA
hamilton,mercedes,8,3,6,89.84100000000001,2024,18,Singapore Grand Prix,marina_bay,Marina Bay Street Circuit,1.2914,103.864,Marina Bay,Singapore,2024-09-22,12:00:00Z,NA
sainz,ferrari,6,10,7,90.108,2024,18,Singapore Grand Prix,marina_bay,Marina Bay Street Circuit,1.2914,103.864,Marina Bay,Singapore,2024-09-22,12:00:00Z,NA
alonso,aston_martin,4,7,8,90.214,2024,18,Singapore Grand Prix,marina_bay,Marina Bay Street Circuit,1.2914,103.864,Marina Bay,Singapore,2024-09-22,12:00:00Z,NA
hulkenberg,haas,2,6,9,90.115,2024,18,Singapore Grand Prix,marina_bay,Marina Bay Street Circuit,1.2914,103.864,Marina Bay,Singapore,2024-09-22,12:00:00Z,NA
perez,red_bull,1,13,10,90.57900000000001,2024,18,Singapore Grand Prix,marina_bay,Marina Bay Street Circuit,1.2914,103.864,Marina Bay,Singapore,2024-09-22,12:00:00Z,NA
colapinto,williams,0,12,11,90.481,2024,18,Singapore Grand Prix,marina_bay,Marina Bay Street Circuit,1.2914,103.864,Marina Bay,Singapore,2024-09-22,12:00:00Z,NA
tsunoda,rb,0,8,12,90.289,2024,18,Singapore Grand Prix,marina_bay,Marina Bay Street Circuit,1.2914,103.864,Marina Bay,Singapore,2024-09-22,12:00:00Z,NA
ocon,alpine,0,15,13,90.769,2024,18,Singapore Grand Prix,marina_bay,Marina Bay Street Circuit,1.2914,103.864,Marina Bay,Singapore,2024-09-22,12:00:00Z,NA
stroll,aston_martin,0,17,14,91.094,2024,18,Singapore Grand Prix,marina_bay,Marina Bay Street Circuit,1.2914,103.864,Marina Bay,Singapore,2024-09-22,12:00:00Z,NA
zhou,sauber,0,20,15,92.054,2024,18,Singapore Grand Prix,marina_bay,Marina Bay Street Circuit,1.2914,103.864,Marina Bay,Singapore,2024-09-22,12:00:00Z,NA
bottas,sauber,0,19,16,91.572,2024,18,Singapore Grand Prix,marina_bay,Marina Bay Street Circuit,1.2914,103.864,Marina Bay,Singapore,2024-09-22,12:00:00Z,NA
gasly,alpine,0,18,17,91.312,2024,18,Singapore Grand Prix,marina_bay,Marina Bay Street Circuit,1.2914,103.864,Marina Bay,Singapore,2024-09-22,12:00:00Z,NA
ricciardo,rb,0,16,18,91.08500000000001,2024,18,Singapore Grand Prix,marina_bay,Marina Bay Street Circuit,1.2914,103.864,Marina Bay,Singapore,2024-09-22,12:00:00Z,NA
kevin_magnussen,haas,0,14,19,90.65299999999999,2024,18,Singapore Grand Prix,marina_bay,Marina Bay Street Circuit,1.2914,103.864,Marina Bay,Singapore,2024-09-22,12:00:00Z,NA
albon,williams,0,11,20,90.474,2024,18,Singapore Grand Prix,marina_bay,Marina Bay Street Circuit,1.2914,103.864,Marina Bay,Singapore,2024-09-22,12:00:00Z,NA
leclerc,ferrari,25,4,1,92.74000000000001,2024,19,United States Grand Prix,americas,Circuit of the Americas,30.1328,-97.6411,Austin,USA,2024-10-20,19:00:00Z,2024-10-19
sainz,ferrari,18,3,2,92.652,2024,19,United States Grand Prix,americas,Circuit of the Americas,30.1328,-97.6411,Austin,USA,2024-10-20,19:00:00Z,2024-10-19
max_verstappen,red_bull,15,2,3,92.36099999999999,2024,19,United States Grand Prix,americas,Circuit of the Americas,30.1328,-97.6411,Austin,USA,2024-10-20,19:00:00Z,2024-10-19
norris,mclaren,12,1,4,92.33,2024,19,United States Grand Prix,americas,Circuit of the Americas,30.1328,-97.6411,Austin,USA,2024-10-20,19:00:00Z,2024-10-19
piastri,mclaren,10,5,5,92.95,2024,19,United States Grand Prix,americas,Circuit of the Americas,30.1328,-97.6411,Austin,USA,2024-10-20,19:00:00Z,2024-10-19
russell,mercedes,8,20,6,92.97399999999999,2024,19,United States Grand Prix,americas,Circuit of the Americas,30.1328,-97.6411,Austin,USA,2024-10-20,19:00:00Z,2024-10-19
perez,red_bull,6,9,7,93.02000000000001,2024,19,United States Grand Prix,americas,Circuit of the Americas,30.1328,-97.6411,Austin,USA,2024-10-20,19:00:00Z,2024-10-19
hulkenberg,haas,4,11,8,93.544,2024,19,United States Grand Prix,americas,Circuit of the Americas,30.1328,-97.6411,Austin,USA,2024-10-20,19:00:00Z,2024-10-19
lawson,rb,2,19,9,93.339,2024,19,United States Grand Prix,americas,Circuit of the Americas,30.1328,-97.6411,Austin,USA,2024-10-20,19:00:00Z,2024-10-19
colapinto,williams,1,15,10,94.062,2024,19,United States Grand Prix,americas,Circuit of the Americas,30.1328,-97.6411,Austin,USA,2024-10-20,19:00:00Z,2024-10-19
kevin_magnussen,haas,0,8,11,93.47399999999999,2024,19,United States Grand Prix,americas,Circuit of the Americas,30.1328,-97.6411,Austin,USA,2024-10-20,19:00:00Z,2024-10-19
gasly,alpine,0,6,12,93.018,2024,19,United States Grand Prix,americas,Circuit of the Americas,30.1328,-97.6411,Austin,USA,2024-10-20,19:00:00Z,2024-10-19
alonso,aston_martin,0,7,13,93.309,2024,19,United States Grand Prix,americas,Circuit of the Americas,30.1328,-97.6411,Austin,USA,2024-10-20,19:00:00Z,2024-10-19
tsunoda,rb,0,10,14,93.506,2024,19,United States Grand Prix,americas,Circuit of the Americas,30.1328,-97.6411,Austin,USA,2024-10-20,19:00:00Z,2024-10-19
stroll,aston_martin,0,13,15,93.759,2024,19,United States Grand Prix,americas,Circuit of the Americas,30.1328,-97.6411,Austin,USA,2024-10-20,19:00:00Z,2024-10-19
albon,williams,0,14,16,94.051,2024,19,United States Grand Prix,americas,Circuit of the Americas,30.1328,-97.6411,Austin,USA,2024-10-20,19:00:00Z,2024-10-19
bottas,sauber,0,16,17,94.152,2024,19,United States Grand Prix,americas,Circuit of the Americas,30.1328,-97.6411,Austin,USA,2024-10-20,19:00:00Z,2024-10-19
ocon,alpine,0,12,18,93.59700000000001,2024,19,United States Grand Prix,americas,Circuit of the Americas,30.1328,-97.6411,Austin,USA,2024-10-20,19:00:00Z,2024-10-19
zhou,sauber,0,18,19,94.22800000000001,2024,19,United States Grand Prix,americas,Circuit of the Americas,30.1328,-97.6411,Austin,USA,2024-10-20,19:00:00Z,2024-10-19
hamilton,mercedes,0,17,20,94.154,2024,19,United States Grand Prix,americas,Circuit of the Americas,30.1328,-97.6411,Austin,USA,2024-10-20,19:00:00Z,2024-10-19
sainz,ferrari,25,1,1,75.946,2024,20,Mexico City Grand Prix,rodriguez,Autódromo Hermanos Rodríguez,19.4042,-99.0907,Mexico City,Mexico,2024-10-27,20:00:00Z,NA
norris,mclaren,18,3,2,76.26,2024,20,Mexico City Grand Prix,rodriguez,Autódromo Hermanos Rodríguez,19.4042,-99.0907,Mexico City,Mexico,2024-10-27,20:00:00Z,NA
leclerc,ferrari,16,4,3,76.265,2024,20,Mexico City Grand Prix,rodriguez,Autódromo Hermanos Rodríguez,19.4042,-99.0907,Mexico City,Mexico,2024-10-27,20:00:00Z,NA
hamilton,mercedes,12,6,4,76.651,2024,20,Mexico City Grand Prix,rodriguez,Autódromo Hermanos Rodríguez,19.4042,-99.0907,Mexico City,Mexico,2024-10-27,20:00:00Z,NA
russell,mercedes,10,5,5,76.356,2024,20,Mexico City Grand Prix,rodriguez,Autódromo Hermanos Rodríguez,19.4042,-99.0907,Mexico City,Mexico,2024-10-27,20:00:00Z,NA
max_verstappen,red_bull,8,2,6,76.17099999999999,2024,20,Mexico City Grand Prix,rodriguez,Autódromo Hermanos Rodríguez,19.4042,-99.0907,Mexico City,Mexico,2024-10-27,20:00:00Z,NA
kevin_magnussen,haas,6,7,7,76.886,2024,20,Mexico City Grand Prix,rodriguez,Autódromo Hermanos Rodríguez,19.4042,-99.0907,Mexico City,Mexico,2024-10-27,20:00:00Z,NA
piastri,mclaren,4,17,8,77.59700000000001,2024,20,Mexico City Grand Prix,rodriguez,Autódromo Hermanos Rodríguez,19.4042,-99.0907,Mexico City,Mexico,2024-10-27,20:00:00Z,NA
hulkenberg,haas,2,10,9,76.995,2024,20,Mexico City Grand Prix,rodriguez,Autódromo Hermanos Rodríguez,19.4042,-99.0907,Mexico City,Mexico,2024-10-27,20:00:00Z,NA
gasly,alpine,1,8,10,76.892,2024,20,Mexico City Grand Prix,rodriguez,Autódromo Hermanos Rodríguez,19.4042,-99.0907,Mexico City,Mexico,2024-10-27,20:00:00Z,NA
stroll,aston_martin,0,14,11,77.294,2024,20,Mexico City Grand Prix,rodriguez,Autódromo Hermanos Rodríguez,19.4042,-99.0907,Mexico City,Mexico,2024-10-27,20:00:00Z,NA
colapinto,williams,0,16,12,77.55799999999999,2024,20,Mexico City Grand Prix,rodriguez,Autódromo Hermanos Rodríguez,19.4042,-99.0907,Mexico City,Mexico,2024-10-27,20:00:00Z,NA
ocon,alpine,0,0,13,77.617,2024,20,Mexico City Grand Prix,rodriguez,Autódromo Hermanos Rodríguez,19.4042,-99.0907,Mexico City,Mexico,2024-10-27,20:00:00Z,NA
bottas,sauber,0,15,14,77.393,2024,20,Mexico City Grand Prix,rodriguez,Autódromo Hermanos Rodríguez,19.4042,-99.0907,Mexico City,Mexico,2024-10-27,20:00:00Z,NA
zhou,sauber,0,19,15,78.072,2024,20,Mexico City Grand Prix,rodriguez,Autódromo Hermanos Rodríguez,19.4042,-99.0907,Mexico City,Mexico,2024-10-27,20:00:00Z,NA
lawson,rb,0,12,16,77.162,2024,20,Mexico City Grand Prix,rodriguez,Autódromo Hermanos Rodríguez,19.4042,-99.0907,Mexico City,Mexico,2024-10-27,20:00:00Z,NA
perez,red_bull,0,18,17,77.611,2024,20,Mexico City Grand Prix,rodriguez,Autódromo Hermanos Rodríguez,19.4042,-99.0907,Mexico City,Mexico,2024-10-27,20:00:00Z,NA
alonso,aston_martin,0,13,18,77.168,2024,20,Mexico City Grand Prix,rodriguez,Autódromo Hermanos Rodríguez,19.4042,-99.0907,Mexico City,Mexico,2024-10-27,20:00:00Z,NA
albon,williams,0,9,19,76.988,2024,20,Mexico City Grand Prix,rodriguez,Autódromo Hermanos Rodríguez,19.4042,-99.0907,Mexico City,Mexico,2024-10-27,20:00:00Z,NA
tsunoda,rb,0,11,20,77.129,2024,20,Mexico City Grand Prix,rodriguez,Autódromo Hermanos Rodríguez,19.4042,-99.0907,Mexico City,Mexico,2024-10-27,20:00:00Z,NA
max_verstappen,red_bull,26,17,1,87.771,2024,21,São Paulo Grand Prix,interlagos,Autódromo José Carlos Pace,-23.7036,-46.6997,São Paulo,Brazil,2024-11-03,17:00:00Z,2024-11-02
ocon,alpine,18,4,2,84.475,2024,21,São Paulo Grand Prix,interlagos,Autódromo José Carlos Pace,-23.7036,-46.6997,São Paulo,Brazil,2024-11-03,17:00:00Z,2024-11-02
gasly,alpine,15,13,3,89.42,2024,21,São Paulo Grand Prix,interlagos,Autódromo José Carlos Pace,-23.7036,-46.6997,São Paulo,Brazil,2024-11-03,17:00:00Z,2024-11-02
russell,mercedes,12,2,4,83.578,2024,21,São Paulo Grand Prix,interlagos,Autódromo José Carlos Pace,-23.7036,-46.6997,São Paulo,Brazil,2024-11-03,17:00:00Z,2024-11-02
leclerc,ferrari,10,6,5,84.525,2024,21,São Paulo Grand Prix,interlagos,Autódromo José Carlos Pace,-23.7036,-46.6997,São Paulo,Brazil,2024-11-03,17:00:00Z,2024-11-02
norris,mclaren,8,1,6,83.405,2024,21,São Paulo Grand Prix,interlagos,Autódromo José Carlos Pace,-23.7036,-46.6997,São Paulo,Brazil,2024-11-03,17:00:00Z,2024-11-02
tsunoda,rb,6,3,7,84.111,2024,21,São Paulo Grand Prix,interlagos,Autódromo José Carlos Pace,-23.7036,-46.6997,São Paulo,Brazil,2024-11-03,17:00:00Z,2024-11-02
piastri,mclaren,4,8,8,84.686,2024,21,São Paulo Grand Prix,interlagos,Autódromo José Carlos Pace,-23.7036,-46.6997,São Paulo,Brazil,2024-11-03,17:00:00Z,2024-11-02
lawson,rb,2,5,9,84.48400000000001,2024,21,São Paulo Grand Prix,interlagos,Autódromo José Carlos Pace,-23.7036,-46.6997,São Paulo,Brazil,2024-11-03,17:00:00Z,2024-11-02
hamilton,mercedes,1,14,10,91.15,2024,21,São Paulo Grand Prix,interlagos,Autódromo José Carlos Pace,-23.7036,-46.6997,São Paulo,Brazil,2024-11-03,17:00:00Z,2024-11-02
perez,red_bull,0,12,11,88.158,2024,21,São Paulo Grand Prix,interlagos,Autódromo José Carlos Pace,-23.7036,-46.6997,São Paulo,Brazil,2024-11-03,17:00:00Z,2024-11-02
bearman,haas,0,15,12,91.229,2024,21,São Paulo Grand Prix,interlagos,Autódromo José Carlos Pace,-23.7036,-46.6997,São Paulo,Brazil,2024-11-03,17:00:00Z,2024-11-02
bottas,sauber,0,11,13,86.47200000000001,2024,21,São Paulo Grand Prix,interlagos,Autódromo José Carlos Pace,-23.7036,-46.6997,São Paulo,Brazil,2024-11-03,17:00:00Z,2024-11-02
alonso,aston_martin,0,9,14,88.998,2024,21,São Paulo Grand Prix,interlagos,Autódromo José Carlos Pace,-23.7036,-46.6997,São Paulo,Brazil,2024-11-03,17:00:00Z,2024-11-02
zhou,sauber,0,19,15,92.263,2024,21,São Paulo Grand Prix,interlagos,Autódromo José Carlos Pace,-23.7036,-46.6997,São Paulo,Brazil,2024-11-03,17:00:00Z,2024-11-02
sainz,ferrari,0,20,16,89.406,2024,21,São Paulo Grand Prix,interlagos,Autódromo José Carlos Pace,-23.7036,-46.6997,São Paulo,Brazil,2024-11-03,17:00:00Z,2024-11-02
colapinto,williams,0,16,17,91.27,2024,21,São Paulo Grand Prix,interlagos,Autódromo José Carlos Pace,-23.7036,-46.6997,São Paulo,Brazil,2024-11-03,17:00:00Z,2024-11-02
albon,williams,0,7,18,84.657,2024,21,São Paulo Grand Prix,interlagos,Autódromo José Carlos Pace,-23.7036,-46.6997,São Paulo,Brazil,2024-11-03,17:00:00Z,2024-11-02
stroll,aston_martin,0,10,19,86.334,2024,21,São Paulo Grand Prix,interlagos,Autódromo José Carlos Pace,-23.7036,-46.6997,São Paulo,Brazil,2024-11-03,17:00:00Z,2024-11-02
hulkenberg,haas,0,18,20,91.623,2024,21,São Paulo Grand Prix,interlagos,Autódromo José Carlos Pace,-23.7036,-46.6997,São Paulo,Brazil,2024-11-03,17:00:00Z,2024-11-02
russell,mercedes,25,1,1,92.312,2024,22,Las Vegas Grand Prix,vegas,Las Vegas Strip Street Circuit,36.1147,-115.173,Las Vegas,USA,2024-11-23,06:00:00Z,NA
hamilton,mercedes,18,10,2,92.56700000000001,2024,22,Las Vegas Grand Prix,vegas,Las Vegas Strip Street Circuit,36.1147,-115.173,Las Vegas,USA,2024-11-23,06:00:00Z,NA
sainz,ferrari,15,2,3,92.41,2024,22,Las Vegas Grand Prix,vegas,Las Vegas Strip Street Circuit,36.1147,-115.173,Las Vegas,USA,2024-11-23,06:00:00Z,NA
leclerc,ferrari,12,4,4,92.783,2024,22,Las Vegas Grand Prix,vegas,Las Vegas Strip Street Circuit,36.1147,-115.173,Las Vegas,USA,2024-11-23,06:00:00Z,NA
max_verstappen,red_bull,10,5,5,92.797,2024,22,Las Vegas Grand Prix,vegas,Las Vegas Strip Street Circuit,36.1147,-115.173,Las Vegas,USA,2024-11-23,06:00:00Z,NA
norris,mclaren,9,6,6,93.00800000000001,2024,22,Las Vegas Grand Prix,vegas,Las Vegas Strip Street Circuit,36.1147,-115.173,Las Vegas,USA,2024-11-23,06:00:00Z,NA
piastri,mclaren,6,8,7,93.024,2024,22,Las Vegas Grand Prix,vegas,Las Vegas Strip Street Circuit,36.1147,-115.173,Las Vegas,USA,2024-11-23,06:00:00Z,NA
hulkenberg,haas,4,9,8,93.062,2024,22,Las Vegas Grand Prix,vegas,Las Vegas Strip Street Circuit,36.1147,-115.173,Las Vegas,USA,2024-11-23,06:00:00Z,NA
tsunoda,rb,2,7,9,93.029,2024,22,Las Vegas Grand Prix,vegas,Las Vegas Strip Street Circuit,36.1147,-115.173,Las Vegas,USA,2024-11-23,06:00:00Z,NA
perez,red_bull,1,15,10,94.155,2024,22,Las Vegas Grand Prix,vegas,Las Vegas Strip Street Circuit,36.1147,-115.173,Las Vegas,USA,2024-11-23,06:00:00Z,NA
alonso,aston_martin,0,16,11,94.25800000000001,2024,22,Las Vegas Grand Prix,vegas,Las Vegas Strip Street Circuit,36.1147,-115.173,Las Vegas,USA,2024-11-23,06:00:00Z,NA
kevin_magnussen,haas,0,12,12,93.297,2024,22,Las Vegas Grand Prix,vegas,Las Vegas Strip Street Circuit,36.1147,-115.173,Las Vegas,USA,2024-11-23,06:00:00Z,NA
zhou,sauber,0,13,13,93.566,2024,22,Las Vegas Grand Prix,vegas,Las Vegas Strip Street Circuit,36.1147,-115.173,Las Vegas,USA,2024-11-23,06:00:00Z,NA
colapinto,williams,0,20,14,93.74600000000001,2024,22,Las Vegas Grand Prix,vegas,Las Vegas Strip Street Circuit,36.1147,-115.173,Las Vegas,USA,2024-11-23,06:00:00Z,NA
stroll,aston_martin,0,18,15,94.48400000000001,2024,22,Las Vegas Grand Prix,vegas,Las Vegas Strip Street Circuit,36.1147,-115.173,Las Vegas,USA,2024-11-23,06:00:00Z,NA
lawson,rb,0,14,16,94.087,2024,22,Las Vegas Grand Prix,vegas,Las Vegas Strip Street Circuit,36.1147,-115.173,Las Vegas,USA,2024-11-23,06:00:00Z,NA
ocon,alpine,0,11,17,93.221,2024,22,Las Vegas Grand Prix,vegas,Las Vegas Strip Street Circuit,36.1147,-115.173,Las Vegas,USA,2024-11-23,06:00:00Z,NA
bottas,sauber,0,19,18,94.43,2024,22,Las Vegas Grand Prix,vegas,Las Vegas Strip Street Circuit,36.1147,-115.173,Las Vegas,USA,2024-11-23,06:00:00Z,NA
albon,williams,0,17,19,94.425,2024,22,Las Vegas Grand Prix,vegas,Las Vegas Strip Street Circuit,36.1147,-115.173,Las Vegas,USA,2024-11-23,06:00:00Z,NA
gasly,alpine,0,3,20,92.664,2024,22,Las Vegas Grand Prix,vegas,Las Vegas Strip Street Circuit,36.1147,-115.173,Las Vegas,USA,2024-11-23,06:00:00Z,NA
max_verstappen,red_bull,25,2,1,80.52,2024,23,Qatar Grand Prix,losail,Losail International Circuit,25.49,51.4542,Lusail,Qatar,2024-12-01,16:00:00Z,2024-11-30
leclerc,ferrari,18,5,2,80.852,2024,23,Qatar Grand Prix,losail,Losail International Circuit,25.49,51.4542,Lusail,Qatar,2024-12-01,16:00:00Z,2024-11-30
piastri,mclaren,15,4,3,80.82900000000001,2024,23,Qatar Grand Prix,losail,Losail International Circuit,25.49,51.4542,Lusail,Qatar,2024-12-01,16:00:00Z,2024-11-30
russell,mercedes,12,1,4,80.575,2024,23,Qatar Grand Prix,losail,Losail International Circuit,25.49,51.4542,Lusail,Qatar,2024-12-01,16:00:00Z,2024-11-30
gasly,alpine,10,11,5,81.437,2024,23,Qatar Grand Prix,losail,Losail International Circuit,25.49,51.4542,Lusail,Qatar,2024-12-01,16:00:00Z,2024-11-30
sainz,ferrari,8,7,6,81.041,2024,23,Qatar Grand Prix,losail,Losail International Circuit,25.49,51.4542,Lusail,Qatar,2024-12-01,16:00:00Z,2024-11-30
alonso,aston_martin,6,8,7,81.208,2024,23,Qatar Grand Prix,losail,Losail International Circuit,25.49,51.4542,Lusail,Qatar,2024-12-01,16:00:00Z,2024-11-30
zhou,sauber,4,12,8,81.501,2024,23,Qatar Grand Prix,losail,Losail International Circuit,25.49,51.4542,Lusail,Qatar,2024-12-01,16:00:00Z,2024-11-30
kevin_magnussen,haas,2,10,9,81.387,2024,23,Qatar Grand Prix,losail,Losail International Circuit,25.49,51.4542,Lusail,Qatar,2024-12-01,16:00:00Z,2024-11-30
norris,mclaren,2,3,10,80.77199999999999,2024,23,Qatar Grand Prix,losail,Losail International Circuit,25.49,51.4542,Lusail,Qatar,2024-12-01,16:00:00Z,2024-11-30
bottas,sauber,0,13,11,81.731,2024,23,Qatar Grand Prix,losail,Losail International Circuit,25.49,51.4542,Lusail,Qatar,2024-12-01,16:00:00Z,2024-11-30
hamilton,mercedes,0,6,12,81.011,2024,23,Qatar Grand Prix,losail,Losail International Circuit,25.49,51.4542,Lusail,Qatar,2024-12-01,16:00:00Z,2024-11-30
tsunoda,rb,0,14,13,81.771,2024,23,Qatar Grand Prix,losail,Losail International Circuit,25.49,51.4542,Lusail,Qatar,2024-12-01,16:00:00Z,2024-11-30
lawson,rb,0,17,14,82.411,2024,23,Qatar Grand Prix,losail,Losail International Circuit,25.49,51.4542,Lusail,Qatar,2024-12-01,16:00:00Z,2024-11-30
albon,williams,0,16,15,82.39,2024,23,Qatar Grand Prix,losail,Losail International Circuit,25.49,51.4542,Lusail,Qatar,2024-12-01,16:00:00Z,2024-11-30
hulkenberg,haas,0,18,16,82.44200000000001,2024,23,Qatar Grand Prix,losail,Losail International Circuit,25.49,51.4542,Lusail,Qatar,2024-12-01,16:00:00Z,2024-11-30
perez,red_bull,0,9,17,81.425,2024,23,Qatar Grand Prix,losail,Losail International Circuit,25.49,51.4542,Lusail,Qatar,2024-12-01,16:00:00Z,2024-11-30
stroll,aston_martin,0,15,18,81.911,2024,23,Qatar Grand Prix,losail,Losail International Circuit,25.49,51.4542,Lusail,Qatar,2024-12-01,16:00:00Z,2024-11-30
colapinto,williams,0,19,19,82.594,2024,23,Qatar Grand Prix,losail,Losail International Circuit,25.49,51.4542,Lusail,Qatar,2024-12-01,16:00:00Z,2024-11-30
ocon,alpine,0,20,20,82.714,2024,23,Qatar Grand Prix,losail,Losail International Circuit,25.49,51.4542,Lusail,Qatar,2024-12-01,16:00:00Z,2024-11-30
norris,mclaren,25,1,1,82.595,2024,24,Abu Dhabi Grand Prix,yas_marina,Yas Marina Circuit,24.4672,54.6031,Abu Dhabi,UAE,2024-12-08,13:00:00Z,NA
sainz,ferrari,18,3,2,82.824,2024,24,Abu Dhabi Grand Prix,yas_marina,Yas Marina Circuit,24.4672,54.6031,Abu Dhabi,UAE,2024-12-08,13:00:00Z,NA
leclerc,ferrari,15,19,3,83.30199999999999,2024,24,Abu Dhabi Grand Prix,yas_marina,Yas Marina Circuit,24.4672,54.6031,Abu Dhabi,UAE,2024-12-08,13:00:00Z,NA
hamilton,mercedes,12,16,4,83.887,2024,24,Abu Dhabi Grand Prix,yas_marina,Yas Marina Circuit,24.4672,54.6031,Abu Dhabi,UAE,2024-12-08,13:00:00Z,NA
russell,mercedes,10,6,5,83.132,2024,24,Abu Dhabi Grand Prix,yas_marina,Yas Marina Circuit,24.4672,54.6031,Abu Dhabi,UAE,2024-12-08,13:00:00Z,NA
max_verstappen,red_bull,8,4,6,82.945,2024,24,Abu Dhabi Grand Prix,yas_marina,Yas Marina Circuit,24.4672,54.6031,Abu Dhabi,UAE,2024-12-08,13:00:00Z,NA
gasly,alpine,6,5,7,82.98400000000001,2024,24,Abu Dhabi Grand Prix,yas_marina,Yas Marina Circuit,24.4672,54.6031,Abu Dhabi,UAE,2024-12-08,13:00:00Z,NA
hulkenberg,haas,4,7,8,82.886,2024,24,Abu Dhabi Grand Prix,yas_marina,Yas Marina Circuit,24.4672,54.6031,Abu Dhabi,UAE,2024-12-08,13:00:00Z,NA
alonso,aston_martin,2,8,9,83.196,2024,24,Abu Dhabi Grand Prix,yas_marina,Yas Marina Circuit,24.4672,54.6031,Abu Dhabi,UAE,2024-12-08,13:00:00Z,NA
piastri,mclaren,1,2,10,82.804,2024,24,Abu Dhabi Grand Prix,yas_marina,Yas Marina Circuit,24.4672,54.6031,Abu Dhabi,UAE,2024-12-08,13:00:00Z,NA
albon,williams,0,18,11,83.821,2024,24,Abu Dhabi Grand Prix,yas_marina,Yas Marina Circuit,24.4672,54.6031,Abu Dhabi,UAE,2024-12-08,13:00:00Z,NA
tsunoda,rb,0,11,12,83.419,2024,24,Abu Dhabi Grand Prix,yas_marina,Yas Marina Circuit,24.4672,54.6031,Abu Dhabi,UAE,2024-12-08,13:00:00Z,NA
zhou,sauber,0,15,13,83.88,2024,24,Abu Dhabi Grand Prix,yas_marina,Yas Marina Circuit,24.4672,54.6031,Abu Dhabi,UAE,2024-12-08,13:00:00Z,NA
stroll,aston_martin,0,13,14,83.729,2024,24,Abu Dhabi Grand Prix,yas_marina,Yas Marina Circuit,24.4672,54.6031,Abu Dhabi,UAE,2024-12-08,13:00:00Z,NA
doohan,alpine,0,17,15,84.105,2024,24,Abu Dhabi Grand Prix,yas_marina,Yas Marina Circuit,24.4672,54.6031,Abu Dhabi,UAE,2024-12-08,13:00:00Z,NA
kevin_magnussen,haas,0,14,16,83.632,2024,24,Abu Dhabi Grand Prix,yas_marina,Yas Marina Circuit,24.4672,54.6031,Abu Dhabi,UAE,2024-12-08,13:00:00Z,NA
lawson,rb,0,12,17,83.47200000000001,2024,24,Abu Dhabi Grand Prix,yas_marina,Yas Marina Circuit,24.4672,54.6031,Abu Dhabi,UAE,2024-12-08,13:00:00Z,NA
bottas,sauber,0,9,18,83.20400000000001,2024,24,Abu Dhabi Grand Prix,yas_marina,Yas Marina Circuit,24.4672,54.6031,Abu Dhabi,UAE,2024-12-08,13:00:00Z,NA
colapinto,williams,0,20,19,83.912,2024,24,Abu Dhabi Grand Prix,yas_marina,Yas Marina Circuit,24.4672,54.6031,Abu Dhabi,UAE,2024-12-08,13:00:00Z,NA
perez,red_bull,0,10,20,83.264,2024,24,Abu Dhabi Grand Prix,yas_marina,Yas Marina Circuit,24.4672,54.6031,Abu Dhabi,UAE,2024-12-08,13:00:00Z,NA
norris,mclaren,25,1,1,75.096,2025,1,Australian Grand Prix,albert_park,Albert Park Grand Prix Circuit,-37.8497,144.968,Melbourne,Australia,2025-03-16,04:00:00Z,NA
max_verstappen,red_bull,18,3,2,75.481,2025,1,Australian Grand Prix,albert_park,Albert Park Grand Prix Circuit,-37.8497,144.968,Melbourne,Australia,2025-03-16,04:00:00Z,NA
russell,mercedes,15,4,3,75.54599999999999,2025,1,Australian Grand Prix,albert_park,Albert Park Grand Prix Circuit,-37.8497,144.968,Melbourne,Australia,2025-03-16,04:00:00Z,NA
antonelli,mercedes,12,16,4,76.525,2025,1,Australian Grand Prix,albert_park,Albert Park Grand Prix Circuit,-37.8497,144.968,Melbourne,Australia,2025-03-16,04:00:00Z,NA
albon,williams,10,6,5,75.737,2025,1,Australian Grand Prix,albert_park,Albert Park Grand Prix Circuit,-37.8497,144.968,Melbourne,Australia,2025-03-16,04:00:00Z,NA
stroll,aston_martin,8,13,6,76.369,2025,1,Australian Grand Prix,albert_park,Albert Park Grand Prix Circuit,-37.8497,144.968,Melbourne,Australia,2025-03-16,04:00:00Z,NA
hulkenberg,sauber,6,17,7,76.57900000000001,2025,1,Australian Grand Prix,albert_park,Albert Park Grand Prix Circuit,-37.8497,144.968,Melbourne,Australia,2025-03-16,04:00:00Z,NA
leclerc,ferrari,4,7,8,75.755,2025,1,Australian Grand Prix,albert_park,Albert Park Grand Prix Circuit,-37.8497,144.968,Melbourne,Australia,2025-03-16,04:00:00Z,NA
piastri,mclaren,2,2,9,75.18,2025,1,Australian Grand Prix,albert_park,Albert Park Grand Prix Circuit,-37.8497,144.968,Melbourne,Australia,2025-03-16,04:00:00Z,NA
hamilton,ferrari,1,8,10,75.919,2025,1,Australian Grand Prix,albert_park,Albert Park Grand Prix Circuit,-37.8497,144.968,Melbourne,Australia,2025-03-16,04:00:00Z,NA
gasly,alpine,0,9,11,75.98,2025,1,Australian Grand Prix,albert_park,Albert Park Grand Prix Circuit,-37.8497,144.968,Melbourne,Australia,2025-03-16,04:00:00Z,NA
tsunoda,rb,0,5,12,75.67,2025,1,Australian Grand Prix,albert_park,Albert Park Grand Prix Circuit,-37.8497,144.968,Melbourne,Australia,2025-03-16,04:00:00Z,NA
ocon,haas,0,19,13,77.14699999999999,2025,1,Australian Grand Prix,albert_park,Albert Park Grand Prix Circuit,-37.8497,144.968,Melbourne,Australia,2025-03-16,04:00:00Z,NA
bearman,haas,0,20,14,Inf,2025,1,Australian Grand Prix,albert_park,Albert Park Grand Prix Circuit,-37.8497,144.968,Melbourne,Australia,2025-03-16,04:00:00Z,NA
lawson,red_bull,0,18,15,77.094,2025,1,Australian Grand Prix,albert_park,Albert Park Grand Prix Circuit,-37.8497,144.968,Melbourne,Australia,2025-03-16,04:00:00Z,NA
bortoleto,sauber,0,15,16,76.51599999999999,2025,1,Australian Grand Prix,albert_park,Albert Park Grand Prix Circuit,-37.8497,144.968,Melbourne,Australia,2025-03-16,04:00:00Z,NA
alonso,aston_martin,0,12,17,76.288,2025,1,Australian Grand Prix,albert_park,Albert Park Grand Prix Circuit,-37.8497,144.968,Melbourne,Australia,2025-03-16,04:00:00Z,NA
sainz,williams,0,10,18,75.931,2025,1,Australian Grand Prix,albert_park,Albert Park Grand Prix Circuit,-37.8497,144.968,Melbourne,Australia,2025-03-16,04:00:00Z,NA
doohan,alpine,0,14,19,76.315,2025,1,Australian Grand Prix,albert_park,Albert Park Grand Prix Circuit,-37.8497,144.968,Melbourne,Australia,2025-03-16,04:00:00Z,NA
hadjar,rb,0,11,20,76.175,2025,1,Australian Grand Prix,albert_park,Albert Park Grand Prix Circuit,-37.8497,144.968,Melbourne,Australia,2025-03-16,04:00:00Z,NA
piastri,mclaren,25,1,1,90.64099999999999,2025,2,Chinese Grand Prix,shanghai,Shanghai International Circuit,31.3389,121.22,Shanghai,China,2025-03-23,07:00:00Z,2025-03-22
norris,mclaren,18,3,2,90.787,2025,2,Chinese Grand Prix,shanghai,Shanghai International Circuit,31.3389,121.22,Shanghai,China,2025-03-23,07:00:00Z,2025-03-22
russell,mercedes,15,2,3,90.723,2025,2,Chinese Grand Prix,shanghai,Shanghai International Circuit,31.3389,121.22,Shanghai,China,2025-03-23,07:00:00Z,2025-03-22
max_verstappen,red_bull,12,4,4,90.81700000000001,2025,2,Chinese Grand Prix,shanghai,Shanghai International Circuit,31.3389,121.22,Shanghai,China,2025-03-23,07:00:00Z,2025-03-22
ocon,haas,10,11,5,91.625,2025,2,Chinese Grand Prix,shanghai,Shanghai International Circuit,31.3389,121.22,Shanghai,China,2025-03-23,07:00:00Z,2025-03-22
antonelli,mercedes,8,8,6,91.10300000000001,2025,2,Chinese Grand Prix,shanghai,Shanghai International Circuit,31.3389,121.22,Shanghai,China,2025-03-23,07:00:00Z,2025-03-22
albon,williams,6,10,7,91.503,2025,2,Chinese Grand Prix,shanghai,Shanghai International Circuit,31.3389,121.22,Shanghai,China,2025-03-23,07:00:00Z,2025-03-22
bearman,haas,4,17,8,92.018,2025,2,Chinese Grand Prix,shanghai,Shanghai International Circuit,31.3389,121.22,Shanghai,China,2025-03-23,07:00:00Z,2025-03-22
stroll,aston_martin,2,14,9,91.773,2025,2,Chinese Grand Prix,shanghai,Shanghai International Circuit,31.3389,121.22,Shanghai,China,2025-03-23,07:00:00Z,2025-03-22
sainz,williams,1,15,10,91.628,2025,2,Chinese Grand Prix,shanghai,Shanghai International Circuit,31.3389,121.22,Shanghai,China,2025-03-23,07:00:00Z,2025-03-22
hadjar,rb,0,7,11,91.07900000000001,2025,2,Chinese Grand Prix,shanghai,Shanghai International Circuit,31.3389,121.22,Shanghai,China,2025-03-23,07:00:00Z,2025-03-22
lawson,red_bull,0,20,12,92.174,2025,2,Chinese Grand Prix,shanghai,Shanghai International Circuit,31.3389,121.22,Shanghai,China,2025-03-23,07:00:00Z,2025-03-22
doohan,alpine,0,18,13,92.092,2025,2,Chinese Grand Prix,shanghai,Shanghai International Circuit,31.3389,121.22,Shanghai,China,2025-03-23,07:00:00Z,2025-03-22
bortoleto,sauber,0,19,14,92.14099999999999,2025,2,Chinese Grand Prix,shanghai,Shanghai International Circuit,31.3389,121.22,Shanghai,China,2025-03-23,07:00:00Z,2025-03-22
hulkenberg,sauber,0,12,15,91.632,2025,2,Chinese Grand Prix,shanghai,Shanghai International Circuit,31.3389,121.22,Shanghai,China,2025-03-23,07:00:00Z,2025-03-22
tsunoda,rb,0,9,16,91.238,2025,2,Chinese Grand Prix,shanghai,Shanghai International Circuit,31.3389,121.22,Shanghai,China,2025-03-23,07:00:00Z,2025-03-22
alonso,aston_martin,0,13,17,91.688,2025,2,Chinese Grand Prix,shanghai,Shanghai International Circuit,31.3389,121.22,Shanghai,China,2025-03-23,07:00:00Z,2025-03-22
leclerc,ferrari,0,6,18,91.021,2025,2,Chinese Grand Prix,shanghai,Shanghai International Circuit,31.3389,121.22,Shanghai,China,2025-03-23,07:00:00Z,2025-03-22
hamilton,ferrari,0,5,19,90.92699999999999,2025,2,Chinese Grand Prix,shanghai,Shanghai International Circuit,31.3389,121.22,Shanghai,China,2025-03-23,07:00:00Z,2025-03-22
gasly,alpine,0,16,20,91.992,2025,2,Chinese Grand Prix,shanghai,Shanghai International Circuit,31.3389,121.22,Shanghai,China,2025-03-23,07:00:00Z,2025-03-22
max_verstappen,red_bull,25,1,1,86.983,2025,3,Japanese Grand Prix,suzuka,Suzuka Circuit,34.8431,136.541,Suzuka,Japan,2025-04-06,05:00:00Z,NA
norris,mclaren,18,2,2,86.995,2025,3,Japanese Grand Prix,suzuka,Suzuka Circuit,34.8431,136.541,Suzuka,Japan,2025-04-06,05:00:00Z,NA
piastri,mclaren,15,3,3,87.027,2025,3,Japanese Grand Prix,suzuka,Suzuka Circuit,34.8431,136.541,Suzuka,Japan,2025-04-06,05:00:00Z,NA
leclerc,ferrari,12,4,4,87.299,2025,3,Japanese Grand Prix,suzuka,Suzuka Circuit,34.8431,136.541,Suzuka,Japan,2025-04-06,05:00:00Z,NA
russell,mercedes,10,5,5,87.318,2025,3,Japanese Grand Prix,suzuka,Suzuka Circuit,34.8431,136.541,Suzuka,Japan,2025-04-06,05:00:00Z,NA
antonelli,mercedes,8,6,6,87.555,2025,3,Japanese Grand Prix,suzuka,Suzuka Circuit,34.8431,136.541,Suzuka,Japan,2025-04-06,05:00:00Z,NA
hamilton,ferrari,6,8,7,87.61,2025,3,Japanese Grand Prix,suzuka,Suzuka Circuit,34.8431,136.541,Suzuka,Japan,2025-04-06,05:00:00Z,NA
hadjar,rb,4,7,8,87.569,2025,3,Japanese Grand Prix,suzuka,Suzuka Circuit,34.8431,136.541,Suzuka,Japan,2025-04-06,05:00:00Z,NA
albon,williams,2,9,9,87.615,2025,3,Japanese Grand Prix,suzuka,Suzuka Circuit,34.8431,136.541,Suzuka,Japan,2025-04-06,05:00:00Z,NA
bearman,haas,1,10,10,87.711,2025,3,Japanese Grand Prix,suzuka,Suzuka Circuit,34.8431,136.541,Suzuka,Japan,2025-04-06,05:00:00Z,NA
alonso,aston_martin,0,12,11,87.89699999999999,2025,3,Japanese Grand Prix,suzuka,Suzuka Circuit,34.8431,136.541,Suzuka,Japan,2025-04-06,05:00:00Z,NA
tsunoda,red_bull,0,14,12,87.967,2025,3,Japanese Grand Prix,suzuka,Suzuka Circuit,34.8431,136.541,Suzuka,Japan,2025-04-06,05:00:00Z,NA
gasly,alpine,0,11,13,87.822,2025,3,Japanese Grand Prix,suzuka,Suzuka Circuit,34.8431,136.541,Suzuka,Japan,2025-04-06,05:00:00Z,NA
sainz,williams,0,15,14,87.836,2025,3,Japanese Grand Prix,suzuka,Suzuka Circuit,34.8431,136.541,Suzuka,Japan,2025-04-06,05:00:00Z,NA
doohan,alpine,0,19,15,88.877,2025,3,Japanese Grand Prix,suzuka,Suzuka Circuit,34.8431,136.541,Suzuka,Japan,2025-04-06,05:00:00Z,NA
hulkenberg,sauber,0,16,16,88.57,2025,3,Japanese Grand Prix,suzuka,Suzuka Circuit,34.8431,136.541,Suzuka,Japan,2025-04-06,05:00:00Z,NA
lawson,rb,0,13,17,87.906,2025,3,Japanese Grand Prix,suzuka,Suzuka Circuit,34.8431,136.541,Suzuka,Japan,2025-04-06,05:00:00Z,NA
ocon,haas,0,18,18,88.696,2025,3,Japanese Grand Prix,suzuka,Suzuka Circuit,34.8431,136.541,Suzuka,Japan,2025-04-06,05:00:00Z,NA
bortoleto,sauber,0,17,19,88.622,2025,3,Japanese Grand Prix,suzuka,Suzuka Circuit,34.8431,136.541,Suzuka,Japan,2025-04-06,05:00:00Z,NA
stroll,aston_martin,0,20,20,89.271,2025,3,Japanese Grand Prix,suzuka,Suzuka Circuit,34.8431,136.541,Suzuka,Japan,2025-04-06,05:00:00Z,NA
piastri,mclaren,25,1,1,89.84100000000001,2025,4,Bahrain Grand Prix,bahrain,Bahrain International Circuit,26.0325,50.5106,Sakhir,Bahrain,2025-04-13,15:00:00Z,NA
russell,mercedes,18,3,2,90.009,2025,4,Bahrain Grand Prix,bahrain,Bahrain International Circuit,26.0325,50.5106,Sakhir,Bahrain,2025-04-13,15:00:00Z,NA
norris,mclaren,15,6,3,90.267,2025,4,Bahrain Grand Prix,bahrain,Bahrain International Circuit,26.0325,50.5106,Sakhir,Bahrain,2025-04-13,15:00:00Z,NA
leclerc,ferrari,12,2,4,90.175,2025,4,Bahrain Grand Prix,bahrain,Bahrain International Circuit,26.0325,50.5106,Sakhir,Bahrain,2025-04-13,15:00:00Z,NA
hamilton,ferrari,10,9,5,90.77199999999999,2025,4,Bahrain Grand Prix,bahrain,Bahrain International Circuit,26.0325,50.5106,Sakhir,Bahrain,2025-04-13,15:00:00Z,NA
max_verstappen,red_bull,8,7,6,90.423,2025,4,Bahrain Grand Prix,bahrain,Bahrain International Circuit,26.0325,50.5106,Sakhir,Bahrain,2025-04-13,15:00:00Z,NA
gasly,alpine,6,4,7,90.21600000000001,2025,4,Bahrain Grand Prix,bahrain,Bahrain International Circuit,26.0325,50.5106,Sakhir,Bahrain,2025-04-13,15:00:00Z,NA
ocon,haas,4,14,8,91.594,2025,4,Bahrain Grand Prix,bahrain,Bahrain International Circuit,26.0325,50.5106,Sakhir,Bahrain,2025-04-13,15:00:00Z,NA
tsunoda,red_bull,2,10,9,91.22800000000001,2025,4,Bahrain Grand Prix,bahrain,Bahrain International Circuit,26.0325,50.5106,Sakhir,Bahrain,2025-04-13,15:00:00Z,NA
bearman,haas,1,20,10,92.37299999999999,2025,4,Bahrain Grand Prix,bahrain,Bahrain International Circuit,26.0325,50.5106,Sakhir,Bahrain,2025-04-13,15:00:00Z,NA
antonelli,mercedes,0,5,11,90.213,2025,4,Bahrain Grand Prix,bahrain,Bahrain International Circuit,26.0325,50.5106,Sakhir,Bahrain,2025-04-13,15:00:00Z,NA
albon,williams,0,15,12,92.03999999999999,2025,4,Bahrain Grand Prix,bahrain,Bahrain International Circuit,26.0325,50.5106,Sakhir,Bahrain,2025-04-13,15:00:00Z,NA
hadjar,rb,0,12,13,91.271,2025,4,Bahrain Grand Prix,bahrain,Bahrain International Circuit,26.0325,50.5106,Sakhir,Bahrain,2025-04-13,15:00:00Z,NA
doohan,alpine,0,11,14,91.245,2025,4,Bahrain Grand Prix,bahrain,Bahrain International Circuit,26.0325,50.5106,Sakhir,Bahrain,2025-04-13,15:00:00Z,NA
alonso,aston_martin,0,13,15,91.634,2025,4,Bahrain Grand Prix,bahrain,Bahrain International Circuit,26.0325,50.5106,Sakhir,Bahrain,2025-04-13,15:00:00Z,NA
lawson,rb,0,17,16,92.16499999999999,2025,4,Bahrain Grand Prix,bahrain,Bahrain International Circuit,26.0325,50.5106,Sakhir,Bahrain,2025-04-13,15:00:00Z,NA
stroll,aston_martin,0,19,17,92.283,2025,4,Bahrain Grand Prix,bahrain,Bahrain International Circuit,26.0325,50.5106,Sakhir,Bahrain,2025-04-13,15:00:00Z,NA
bortoleto,sauber,0,18,18,92.186,2025,4,Bahrain Grand Prix,bahrain,Bahrain International Circuit,26.0325,50.5106,Sakhir,Bahrain,2025-04-13,15:00:00Z,NA
sainz,williams,0,8,19,90.68,2025,4,Bahrain Grand Prix,bahrain,Bahrain International Circuit,26.0325,50.5106,Sakhir,Bahrain,2025-04-13,15:00:00Z,NA
hulkenberg,sauber,0,16,20,92.06700000000001,2025,4,Bahrain Grand Prix,bahrain,Bahrain International Circuit,26.0325,50.5106,Sakhir,Bahrain,2025-04-13,15:00:00Z,NA
piastri,mclaren,25,2,1,87.304,2025,5,Saudi Arabian Grand Prix,jeddah,Jeddah Corniche Circuit,21.6319,39.1044,Jeddah,Saudi Arabia,2025-04-20,17:00:00Z,NA
max_verstappen,red_bull,18,1,2,87.294,2025,5,Saudi Arabian Grand Prix,jeddah,Jeddah Corniche Circuit,21.6319,39.1044,Jeddah,Saudi Arabia,2025-04-20,17:00:00Z,NA
leclerc,ferrari,15,4,3,87.67,2025,5,Saudi Arabian Grand Prix,jeddah,Jeddah Corniche Circuit,21.6319,39.1044,Jeddah,Saudi Arabia,2025-04-20,17:00:00Z,NA
norris,mclaren,12,10,4,87.481,2025,5,Saudi Arabian Grand Prix,jeddah,Jeddah Corniche Circuit,21.6319,39.1044,Jeddah,Saudi Arabia,2025-04-20,17:00:00Z,NA
russell,mercedes,10,3,5,87.407,2025,5,Saudi Arabian Grand Prix,jeddah,Jeddah Corniche Circuit,21.6319,39.1044,Jeddah,Saudi Arabia,2025-04-20,17:00:00Z,NA
antonelli,mercedes,8,5,6,87.798,2025,5,Saudi Arabian Grand Prix,jeddah,Jeddah Corniche Circuit,21.6319,39.1044,Jeddah,Saudi Arabia,2025-04-20,17:00:00Z,NA
hamilton,ferrari,6,7,7,88.102,2025,5,Saudi Arabian Grand Prix,jeddah,Jeddah Corniche Circuit,21.6319,39.1044,Jeddah,Saudi Arabia,2025-04-20,17:00:00Z,NA
sainz,williams,4,6,8,88.024,2025,5,Saudi Arabian Grand Prix,jeddah,Jeddah Corniche Circuit,21.6319,39.1044,Jeddah,Saudi Arabia,2025-04-20,17:00:00Z,NA
albon,williams,2,11,9,88.10900000000001,2025,5,Saudi Arabian Grand Prix,jeddah,Jeddah Corniche Circuit,21.6319,39.1044,Jeddah,Saudi Arabia,2025-04-20,17:00:00Z,NA
hadjar,rb,1,14,10,88.418,2025,5,Saudi Arabian Grand Prix,jeddah,Jeddah Corniche Circuit,21.6319,39.1044,Jeddah,Saudi Arabia,2025-04-20,17:00:00Z,NA
alonso,aston_martin,0,13,11,88.303,2025,5,Saudi Arabian Grand Prix,jeddah,Jeddah Corniche Circuit,21.6319,39.1044,Jeddah,Saudi Arabia,2025-04-20,17:00:00Z,NA
lawson,rb,0,12,12,88.191,2025,5,Saudi Arabian Grand Prix,jeddah,Jeddah Corniche Circuit,21.6319,39.1044,Jeddah,Saudi Arabia,2025-04-20,17:00:00Z,NA
bearman,haas,0,15,13,88.536,2025,5,Saudi Arabian Grand Prix,jeddah,Jeddah Corniche Circuit,21.6319,39.1044,Jeddah,Saudi Arabia,2025-04-20,17:00:00Z,NA
ocon,haas,0,19,14,89.092,2025,5,Saudi Arabian Grand Prix,jeddah,Jeddah Corniche Circuit,21.6319,39.1044,Jeddah,Saudi Arabia,2025-04-20,17:00:00Z,NA
hulkenberg,sauber,0,18,15,88.782,2025,5,Saudi Arabian Grand Prix,jeddah,Jeddah Corniche Circuit,21.6319,39.1044,Jeddah,Saudi Arabia,2025-04-20,17:00:00Z,NA
stroll,aston_martin,0,16,16,88.645,2025,5,Saudi Arabian Grand Prix,jeddah,Jeddah Corniche Circuit,21.6319,39.1044,Jeddah,Saudi Arabia,2025-04-20,17:00:00Z,NA
doohan,alpine,0,17,17,88.739,2025,5,Saudi Arabian Grand Prix,jeddah,Jeddah Corniche Circuit,21.6319,39.1044,Jeddah,Saudi Arabia,2025-04-20,17:00:00Z,NA
bortoleto,sauber,0,20,18,89.462,2025,5,Saudi Arabian Grand Prix,jeddah,Jeddah Corniche Circuit,21.6319,39.1044,Jeddah,Saudi Arabia,2025-04-20,17:00:00Z,NA
tsunoda,red_bull,0,8,19,87.99,2025,5,Saudi Arabian Grand Prix,jeddah,Jeddah Corniche Circuit,21.6319,39.1044,Jeddah,Saudi Arabia,2025-04-20,17:00:00Z,NA
gasly,alpine,0,9,20,88.025,2025,5,Saudi Arabian Grand Prix,jeddah,Jeddah Corniche Circuit,21.6319,39.1044,Jeddah,Saudi Arabia,2025-04-20,17:00:00Z,NA
piastri,mclaren,25,4,1,86.269,2025,6,Miami Grand Prix,miami,Miami International Autodrome,25.9581,-80.2389,Miami,USA,2025-05-04,20:00:00Z,2025-05-03
norris,mclaren,18,2,2,86.269,2025,6,Miami Grand Prix,miami,Miami International Autodrome,25.9581,-80.2389,Miami,USA,2025-05-04,20:00:00Z,2025-05-03
russell,mercedes,15,5,3,86.385,2025,6,Miami Grand Prix,miami,Miami International Autodrome,25.9581,-80.2389,Miami,USA,2025-05-04,20:00:00Z,2025-05-03
max_verstappen,red_bull,12,1,4,86.20400000000001,2025,6,Miami Grand Prix,miami,Miami International Autodrome,25.9581,-80.2389,Miami,USA,2025-05-04,20:00:00Z,2025-05-03
albon,williams,10,7,5,86.682,2025,6,Miami Grand Prix,miami,Miami International Autodrome,25.9581,-80.2389,Miami,USA,2025-05-04,20:00:00Z,2025-05-03
antonelli,mercedes,8,3,6,86.271,2025,6,Miami Grand Prix,miami,Miami International Autodrome,25.9581,-80.2389,Miami,USA,2025-05-04,20:00:00Z,2025-05-03
leclerc,ferrari,6,8,7,86.754,2025,6,Miami Grand Prix,miami,Miami International Autodrome,25.9581,-80.2389,Miami,USA,2025-05-04,20:00:00Z,2025-05-03
hamilton,ferrari,4,12,8,87.006,2025,6,Miami Grand Prix,miami,Miami International Autodrome,25.9581,-80.2389,Miami,USA,2025-05-04,20:00:00Z,2025-05-03
sainz,williams,2,6,9,86.569,2025,6,Miami Grand Prix,miami,Miami International Autodrome,25.9581,-80.2389,Miami,USA,2025-05-04,20:00:00Z,2025-05-03
tsunoda,red_bull,1,10,10,86.943,2025,6,Miami Grand Prix,miami,Miami International Autodrome,25.9581,-80.2389,Miami,USA,2025-05-04,20:00:00Z,2025-05-03
hadjar,rb,0,11,11,86.987,2025,6,Miami Grand Prix,miami,Miami International Autodrome,25.9581,-80.2389,Miami,USA,2025-05-04,20:00:00Z,2025-05-03
ocon,haas,0,9,12,86.824,2025,6,Miami Grand Prix,miami,Miami International Autodrome,25.9581,-80.2389,Miami,USA,2025-05-04,20:00:00Z,2025-05-03
gasly,alpine,0,20,13,87.71000000000001,2025,6,Miami Grand Prix,miami,Miami International Autodrome,25.9581,-80.2389,Miami,USA,2025-05-04,20:00:00Z,2025-05-03
hulkenberg,sauber,0,16,14,87.473,2025,6,Miami Grand Prix,miami,Miami International Autodrome,25.9581,-80.2389,Miami,USA,2025-05-04,20:00:00Z,2025-05-03
alonso,aston_martin,0,17,15,87.604,2025,6,Miami Grand Prix,miami,Miami International Autodrome,25.9581,-80.2389,Miami,USA,2025-05-04,20:00:00Z,2025-05-03
stroll,aston_martin,0,18,16,87.83,2025,6,Miami Grand Prix,miami,Miami International Autodrome,25.9581,-80.2389,Miami,USA,2025-05-04,20:00:00Z,2025-05-03
lawson,rb,0,15,17,87.363,2025,6,Miami Grand Prix,miami,Miami International Autodrome,25.9581,-80.2389,Miami,USA,2025-05-04,20:00:00Z,2025-05-03
bortoleto,sauber,0,13,18,87.151,2025,6,Miami Grand Prix,miami,Miami International Autodrome,25.9581,-80.2389,Miami,USA,2025-05-04,20:00:00Z,2025-05-03
bearman,haas,0,19,19,87.999,2025,6,Miami Grand Prix,miami,Miami International Autodrome,25.9581,-80.2389,Miami,USA,2025-05-04,20:00:00Z,2025-05-03
doohan,alpine,0,14,20,87.186,2025,6,Miami Grand Prix,miami,Miami International Autodrome,25.9581,-80.2389,Miami,USA,2025-05-04,20:00:00Z,2025-05-03
max_verstappen,red_bull,25,2,1,74.70400000000001,2025,7,Emilia Romagna Grand Prix,imola,Autodromo Enzo e Dino Ferrari,44.3439,11.7167,Imola,Italy,2025-05-18,13:00:00Z,NA
norris,mclaren,18,4,2,74.962,2025,7,Emilia Romagna Grand Prix,imola,Autodromo Enzo e Dino Ferrari,44.3439,11.7167,Imola,Italy,2025-05-18,13:00:00Z,NA
piastri,mclaren,15,1,3,74.67,2025,7,Emilia Romagna Grand Prix,imola,Autodromo Enzo e Dino Ferrari,44.3439,11.7167,Imola,Italy,2025-05-18,13:00:00Z,NA
hamilton,ferrari,12,12,4,75.765,2025,7,Emilia Romagna Grand Prix,imola,Autodromo Enzo e Dino Ferrari,44.3439,11.7167,Imola,Italy,2025-05-18,13:00:00Z,NA
albon,williams,10,7,5,75.473,2025,7,Emilia Romagna Grand Prix,imola,Autodromo Enzo e Dino Ferrari,44.3439,11.7167,Imola,Italy,2025-05-18,13:00:00Z,NA
leclerc,ferrari,8,11,6,75.604,2025,7,Emilia Romagna Grand Prix,imola,Autodromo Enzo e Dino Ferrari,44.3439,11.7167,Imola,Italy,2025-05-18,13:00:00Z,NA
russell,mercedes,6,3,7,74.807,2025,7,Emilia Romagna Grand Prix,imola,Autodromo Enzo e Dino Ferrari,44.3439,11.7167,Imola,Italy,2025-05-18,13:00:00Z,NA
sainz,williams,4,6,8,75.19800000000001,2025,7,Emilia Romagna Grand Prix,imola,Autodromo Enzo e Dino Ferrari,44.3439,11.7167,Imola,Italy,2025-05-18,13:00:00Z,NA
hadjar,rb,2,9,9,75.51,2025,7,Emilia Romagna Grand Prix,imola,Autodromo Enzo e Dino Ferrari,44.3439,11.7167,Imola,Italy,2025-05-18,13:00:00Z,NA
tsunoda,red_bull,1,20,10,Inf,2025,7,Emilia Romagna Grand Prix,imola,Autodromo Enzo e Dino Ferrari,44.3439,11.7167,Imola,Italy,2025-05-18,13:00:00Z,NA
alonso,aston_martin,0,5,11,75.431,2025,7,Emilia Romagna Grand Prix,imola,Autodromo Enzo e Dino Ferrari,44.3439,11.7167,Imola,Italy,2025-05-18,13:00:00Z,NA
hulkenberg,sauber,0,17,12,76.518,2025,7,Emilia Romagna Grand Prix,imola,Autodromo Enzo e Dino Ferrari,44.3439,11.7167,Imola,Italy,2025-05-18,13:00:00Z,NA
gasly,alpine,0,10,13,75.505,2025,7,Emilia Romagna Grand Prix,imola,Autodromo Enzo e Dino Ferrari,44.3439,11.7167,Imola,Italy,2025-05-18,13:00:00Z,NA
lawson,rb,0,15,14,76.379,2025,7,Emilia Romagna Grand Prix,imola,Autodromo Enzo e Dino Ferrari,44.3439,11.7167,Imola,Italy,2025-05-18,13:00:00Z,NA
stroll,aston_martin,0,8,15,75.497,2025,7,Emilia Romagna Grand Prix,imola,Autodromo Enzo e Dino Ferrari,44.3439,11.7167,Imola,Italy,2025-05-18,13:00:00Z,NA
colapinto,alpine,0,16,16,76.256,2025,7,Emilia Romagna Grand Prix,imola,Autodromo Enzo e Dino Ferrari,44.3439,11.7167,Imola,Italy,2025-05-18,13:00:00Z,NA
bearman,haas,0,19,17,76.918,2025,7,Emilia Romagna Grand Prix,imola,Autodromo Enzo e Dino Ferrari,44.3439,11.7167,Imola,Italy,2025-05-18,13:00:00Z,NA
bortoleto,sauber,0,14,18,76.26,2025,7,Emilia Romagna Grand Prix,imola,Autodromo Enzo e Dino Ferrari,44.3439,11.7167,Imola,Italy,2025-05-18,13:00:00Z,NA
antonelli,mercedes,0,13,19,75.772,2025,7,Emilia Romagna Grand Prix,imola,Autodromo Enzo e Dino Ferrari,44.3439,11.7167,Imola,Italy,2025-05-18,13:00:00Z,NA
ocon,haas,0,18,20,76.613,2025,7,Emilia Romagna Grand Prix,imola,Autodromo Enzo e Dino Ferrari,44.3439,11.7167,Imola,Italy,2025-05-18,13:00:00Z,NA
norris,mclaren,25,1,1,69.95400000000001,2025,8,Monaco Grand Prix,monaco,Circuit de Monaco,43.7347,7.42056,Monte Carlo,Monaco,2025-05-25,13:00:00Z,NA
leclerc,ferrari,18,2,2,70.063,2025,8,Monaco Grand Prix,monaco,Circuit de Monaco,43.7347,7.42056,Monte Carlo,Monaco,2025-05-25,13:00:00Z,NA
piastri,mclaren,15,3,3,70.129,2025,8,Monaco Grand Prix,monaco,Circuit de Monaco,43.7347,7.42056,Monte Carlo,Monaco,2025-05-25,13:00:00Z,NA
max_verstappen,red_bull,12,4,4,70.669,2025,8,Monaco Grand Prix,monaco,Circuit de Monaco,43.7347,7.42056,Monte Carlo,Monaco,2025-05-25,13:00:00Z,NA
hamilton,ferrari,10,7,5,70.382,2025,8,Monaco Grand Prix,monaco,Circuit de Monaco,43.7347,7.42056,Monte Carlo,Monaco,2025-05-25,13:00:00Z,NA
hadjar,rb,8,5,6,70.923,2025,8,Monaco Grand Prix,monaco,Circuit de Monaco,43.7347,7.42056,Monte Carlo,Monaco,2025-05-25,13:00:00Z,NA
ocon,haas,6,8,7,70.94200000000001,2025,8,Monaco Grand Prix,monaco,Circuit de Monaco,43.7347,7.42056,Monte Carlo,Monaco,2025-05-25,13:00:00Z,NA
lawson,rb,4,9,8,71.129,2025,8,Monaco Grand Prix,monaco,Circuit de Monaco,43.7347,7.42056,Monte Carlo,Monaco,2025-05-25,13:00:00Z,NA
albon,williams,2,10,9,70.732,2025,8,Monaco Grand Prix,monaco,Circuit de Monaco,43.7347,7.42056,Monte Carlo,Monaco,2025-05-25,13:00:00Z,NA
sainz,williams,1,11,10,71.362,2025,8,Monaco Grand Prix,monaco,Circuit de Monaco,43.7347,7.42056,Monte Carlo,Monaco,2025-05-25,13:00:00Z,NA
russell,mercedes,0,14,11,71.507,2025,8,Monaco Grand Prix,monaco,Circuit de Monaco,43.7347,7.42056,Monte Carlo,Monaco,2025-05-25,13:00:00Z,NA
bearman,haas,0,20,12,71.979,2025,8,Monaco Grand Prix,monaco,Circuit de Monaco,43.7347,7.42056,Monte Carlo,Monaco,2025-05-25,13:00:00Z,NA
colapinto,alpine,0,18,13,72.597,2025,8,Monaco Grand Prix,monaco,Circuit de Monaco,43.7347,7.42056,Monte Carlo,Monaco,2025-05-25,13:00:00Z,NA
bortoleto,sauber,0,16,14,71.902,2025,8,Monaco Grand Prix,monaco,Circuit de Monaco,43.7347,7.42056,Monte Carlo,Monaco,2025-05-25,13:00:00Z,NA
stroll,aston_martin,0,19,15,72.563,2025,8,Monaco Grand Prix,monaco,Circuit de Monaco,43.7347,7.42056,Monte Carlo,Monaco,2025-05-25,13:00:00Z,NA
hulkenberg,sauber,0,13,16,71.596,2025,8,Monaco Grand Prix,monaco,Circuit de Monaco,43.7347,7.42056,Monte Carlo,Monaco,2025-05-25,13:00:00Z,NA
tsunoda,red_bull,0,12,17,71.41499999999999,2025,8,Monaco Grand Prix,monaco,Circuit de Monaco,43.7347,7.42056,Monte Carlo,Monaco,2025-05-25,13:00:00Z,NA
antonelli,mercedes,0,15,18,71.88,2025,8,Monaco Grand Prix,monaco,Circuit de Monaco,43.7347,7.42056,Monte Carlo,Monaco,2025-05-25,13:00:00Z,NA
alonso,aston_martin,0,6,19,70.924,2025,8,Monaco Grand Prix,monaco,Circuit de Monaco,43.7347,7.42056,Monte Carlo,Monaco,2025-05-25,13:00:00Z,NA
gasly,alpine,0,17,20,71.994,2025,8,Monaco Grand Prix,monaco,Circuit de Monaco,43.7347,7.42056,Monte Carlo,Monaco,2025-05-25,13:00:00Z,NA
piastri,mclaren,25,1,1,71.54599999999999,2025,9,Spanish Grand Prix,catalunya,Circuit de Barcelona-Catalunya,41.57,2.26111,Barcelona,Spain,2025-06-01,13:00:00Z,NA
norris,mclaren,18,2,2,71.755,2025,9,Spanish Grand Prix,catalunya,Circuit de Barcelona-Catalunya,41.57,2.26111,Barcelona,Spain,2025-06-01,13:00:00Z,NA
leclerc,ferrari,15,7,3,72.131,2025,9,Spanish Grand Prix,catalunya,Circuit de Barcelona-Catalunya,41.57,2.26111,Barcelona,Spain,2025-06-01,13:00:00Z,NA
russell,mercedes,12,4,4,71.848,2025,9,Spanish Grand Prix,catalunya,Circuit de Barcelona-Catalunya,41.57,2.26111,Barcelona,Spain,2025-06-01,13:00:00Z,NA
hulkenberg,sauber,10,15,5,73.19,2025,9,Spanish Grand Prix,catalunya,Circuit de Barcelona-Catalunya,41.57,2.26111,Barcelona,Spain,2025-06-01,13:00:00Z,NA
hamilton,ferrari,8,5,6,72.045,2025,9,Spanish Grand Prix,catalunya,Circuit de Barcelona-Catalunya,41.57,2.26111,Barcelona,Spain,2025-06-01,13:00:00Z,NA
hadjar,rb,6,9,7,72.252,2025,9,Spanish Grand Prix,catalunya,Circuit de Barcelona-Catalunya,41.57,2.26111,Barcelona,Spain,2025-06-01,13:00:00Z,NA
gasly,alpine,4,8,8,72.199,2025,9,Spanish Grand Prix,catalunya,Circuit de Barcelona-Catalunya,41.57,2.26111,Barcelona,Spain,2025-06-01,13:00:00Z,NA
alonso,aston_martin,2,10,9,72.284,2025,9,Spanish Grand Prix,catalunya,Circuit de Barcelona-Catalunya,41.57,2.26111,Barcelona,Spain,2025-06-01,13:00:00Z,NA
max_verstappen,red_bull,1,3,10,71.848,2025,9,Spanish Grand Prix,catalunya,Circuit de Barcelona-Catalunya,41.57,2.26111,Barcelona,Spain,2025-06-01,13:00:00Z,NA
lawson,rb,0,13,11,72.763,2025,9,Spanish Grand Prix,catalunya,Circuit de Barcelona-Catalunya,41.57,2.26111,Barcelona,Spain,2025-06-01,13:00:00Z,NA
bortoleto,sauber,0,12,12,72.756,2025,9,Spanish Grand Prix,catalunya,Circuit de Barcelona-Catalunya,41.57,2.26111,Barcelona,Spain,2025-06-01,13:00:00Z,NA
tsunoda,red_bull,0,19,13,73.385,2025,9,Spanish Grand Prix,catalunya,Circuit de Barcelona-Catalunya,41.57,2.26111,Barcelona,Spain,2025-06-01,13:00:00Z,NA
sainz,williams,0,17,14,73.203,2025,9,Spanish Grand Prix,catalunya,Circuit de Barcelona-Catalunya,41.57,2.26111,Barcelona,Spain,2025-06-01,13:00:00Z,NA
colapinto,alpine,0,18,15,73.334,2025,9,Spanish Grand Prix,catalunya,Circuit de Barcelona-Catalunya,41.57,2.26111,Barcelona,Spain,2025-06-01,13:00:00Z,NA
ocon,haas,0,16,16,73.201,2025,9,Spanish Grand Prix,catalunya,Circuit de Barcelona-Catalunya,41.57,2.26111,Barcelona,Spain,2025-06-01,13:00:00Z,NA
bearman,haas,0,14,17,73.074,2025,9,Spanish Grand Prix,catalunya,Circuit de Barcelona-Catalunya,41.57,2.26111,Barcelona,Spain,2025-06-01,13:00:00Z,NA
antonelli,mercedes,0,6,18,72.111,2025,9,Spanish Grand Prix,catalunya,Circuit de Barcelona-Catalunya,41.57,2.26111,Barcelona,Spain,2025-06-01,13:00:00Z,NA
albon,williams,0,11,19,72.641,2025,9,Spanish Grand Prix,catalunya,Circuit de Barcelona-Catalunya,41.57,2.26111,Barcelona,Spain,2025-06-01,13:00:00Z,NA
russell,mercedes,25,1,1,70.899,2025,10,Canadian Grand Prix,villeneuve,Circuit Gilles Villeneuve,45.5,-73.5228,Montreal,Canada,2025-06-15,18:00:00Z,NA
max_verstappen,red_bull,18,2,2,71.059,2025,10,Canadian Grand Prix,villeneuve,Circuit Gilles Villeneuve,45.5,-73.5228,Montreal,Canada,2025-06-15,18:00:00Z,NA
antonelli,mercedes,15,4,3,71.391,2025,10,Canadian Grand Prix,villeneuve,Circuit Gilles Villeneuve,45.5,-73.5228,Montreal,Canada,2025-06-15,18:00:00Z,NA
piastri,mclaren,12,3,4,71.12,2025,10,Canadian Grand Prix,villeneuve,Circuit Gilles Villeneuve,45.5,-73.5228,Montreal,Canada,2025-06-15,18:00:00Z,NA
leclerc,ferrari,10,8,5,71.626,2025,10,Canadian Grand Prix,villeneuve,Circuit Gilles Villeneuve,45.5,-73.5228,Montreal,Canada,2025-06-15,18:00:00Z,NA
hamilton,ferrari,8,5,6,71.526,2025,10,Canadian Grand Prix,villeneuve,Circuit Gilles Villeneuve,45.5,-73.5228,Montreal,Canada,2025-06-15,18:00:00Z,NA
alonso,aston_martin,6,6,7,71.586,2025,10,Canadian Grand Prix,villeneuve,Circuit Gilles Villeneuve,45.5,-73.5228,Montreal,Canada,2025-06-15,18:00:00Z,NA
hulkenberg,sauber,4,11,8,72.18299999999999,2025,10,Canadian Grand Prix,villeneuve,Circuit Gilles Villeneuve,45.5,-73.5228,Montreal,Canada,2025-06-15,18:00:00Z,NA
ocon,haas,2,14,9,72.378,2025,10,Canadian Grand Prix,villeneuve,Circuit Gilles Villeneuve,45.5,-73.5228,Montreal,Canada,2025-06-15,18:00:00Z,NA
sainz,williams,1,16,10,72.398,2025,10,Canadian Grand Prix,villeneuve,Circuit Gilles Villeneuve,45.5,-73.5228,Montreal,Canada,2025-06-15,18:00:00Z,NA
bearman,haas,0,13,11,72.306,2025,10,Canadian Grand Prix,villeneuve,Circuit Gilles Villeneuve,45.5,-73.5228,Montreal,Canada,2025-06-15,18:00:00Z,NA
tsunoda,red_bull,0,18,12,72.102,2025,10,Canadian Grand Prix,villeneuve,Circuit Gilles Villeneuve,45.5,-73.5228,Montreal,Canada,2025-06-15,18:00:00Z,NA
colapinto,alpine,0,10,13,72.142,2025,10,Canadian Grand Prix,villeneuve,Circuit Gilles Villeneuve,45.5,-73.5228,Montreal,Canada,2025-06-15,18:00:00Z,NA
bortoleto,sauber,0,15,14,72.385,2025,10,Canadian Grand Prix,villeneuve,Circuit Gilles Villeneuve,45.5,-73.5228,Montreal,Canada,2025-06-15,18:00:00Z,NA
gasly,alpine,0,20,15,72.667,2025,10,Canadian Grand Prix,villeneuve,Circuit Gilles Villeneuve,45.5,-73.5228,Montreal,Canada,2025-06-15,18:00:00Z,NA
hadjar,rb,0,12,16,71.867,2025,10,Canadian Grand Prix,villeneuve,Circuit Gilles Villeneuve,45.5,-73.5228,Montreal,Canada,2025-06-15,18:00:00Z,NA
stroll,aston_martin,0,17,17,72.517,2025,10,Canadian Grand Prix,villeneuve,Circuit Gilles Villeneuve,45.5,-73.5228,Montreal,Canada,2025-06-15,18:00:00Z,NA
norris,mclaren,0,7,18,71.599,2025,10,Canadian Grand Prix,villeneuve,Circuit Gilles Villeneuve,45.5,-73.5228,Montreal,Canada,2025-06-15,18:00:00Z,NA
lawson,rb,0,19,19,72.525,2025,10,Canadian Grand Prix,villeneuve,Circuit Gilles Villeneuve,45.5,-73.5228,Montreal,Canada,2025-06-15,18:00:00Z,NA
albon,williams,0,9,20,71.892,2025,10,Canadian Grand Prix,villeneuve,Circuit Gilles Villeneuve,45.5,-73.5228,Montreal,Canada,2025-06-15,18:00:00Z,NA
norris,mclaren,25,1,1,63.971000000000004,2025,11,Austrian Grand Prix,red_bull_ring,Red Bull Ring,47.2197,14.7647,Spielberg,Austria,2025-06-29,13:00:00Z,NA
piastri,mclaren,18,3,2,64.554,2025,11,Austrian Grand Prix,red_bull_ring,Red Bull Ring,47.2197,14.7647,Spielberg,Austria,2025-06-29,13:00:00Z,NA
leclerc,ferrari,15,2,3,64.492,2025,11,Austrian Grand Prix,red_bull_ring,Red Bull Ring,47.2197,14.7647,Spielberg,Austria,2025-06-29,13:00:00Z,NA
hamilton,ferrari,12,4,4,64.582,2025,11,Austrian Grand Prix,red_bull_ring,Red Bull Ring,47.2197,14.7647,Spielberg,Austria,2025-06-29,13:00:00Z,NA
russell,mercedes,10,5,5,64.763,2025,11,Austrian Grand Prix,red_bull_ring,Red Bull Ring,47.2197,14.7647,Spielberg,Austria,2025-06-29,13:00:00Z,NA
lawson,rb,8,6,6,64.926,2025,11,Austrian Grand Prix,red_bull_ring,Red Bull Ring,47.2197,14.7647,Spielberg,Austria,2025-06-29,13:00:00Z,NA
alonso,aston_martin,6,11,7,65.128,2025,11,Austrian Grand Prix,red_bull_ring,Red Bull Ring,47.2197,14.7647,Spielberg,Austria,2025-06-29,13:00:00Z,NA
bortoleto,sauber,4,8,8,64.846,2025,11,Austrian Grand Prix,red_bull_ring,Red Bull Ring,47.2197,14.7647,Spielberg,Austria,2025-06-29,13:00:00Z,NA
hulkenberg,sauber,2,20,9,65.606,2025,11,Austrian Grand Prix,red_bull_ring,Red Bull Ring,47.2197,14.7647,Spielberg,Austria,2025-06-29,13:00:00Z,NA
ocon,haas,1,17,10,65.364,2025,11,Austrian Grand Prix,red_bull_ring,Red Bull Ring,47.2197,14.7647,Spielberg,Austria,2025-06-29,13:00:00Z,NA
bearman,haas,0,15,11,65.218,2025,11,Austrian Grand Prix,red_bull_ring,Red Bull Ring,47.2197,14.7647,Spielberg,Austria,2025-06-29,13:00:00Z,NA
hadjar,rb,0,13,12,65.063,2025,11,Austrian Grand Prix,red_bull_ring,Red Bull Ring,47.2197,14.7647,Spielberg,Austria,2025-06-29,13:00:00Z,NA
gasly,alpine,0,10,13,64.846,2025,11,Austrian Grand Prix,red_bull_ring,Red Bull Ring,47.2197,14.7647,Spielberg,Austria,2025-06-29,13:00:00Z,NA
stroll,aston_martin,0,16,14,65.329,2025,11,Austrian Grand Prix,red_bull_ring,Red Bull Ring,47.2197,14.7647,Spielberg,Austria,2025-06-29,13:00:00Z,NA
colapinto,alpine,0,14,15,65.278,2025,11,Austrian Grand Prix,red_bull_ring,Red Bull Ring,47.2197,14.7647,Spielberg,Austria,2025-06-29,13:00:00Z,NA
tsunoda,red_bull,0,18,16,65.369,2025,11,Austrian Grand Prix,red_bull_ring,Red Bull Ring,47.2197,14.7647,Spielberg,Austria,2025-06-29,13:00:00Z,NA
albon,williams,0,12,17,65.143,2025,11,Austrian Grand Prix,red_bull_ring,Red Bull Ring,47.2197,14.7647,Spielberg,Austria,2025-06-29,13:00:00Z,NA
max_verstappen,red_bull,0,7,18,64.836,2025,11,Austrian Grand Prix,red_bull_ring,Red Bull Ring,47.2197,14.7647,Spielberg,Austria,2025-06-29,13:00:00Z,NA
antonelli,mercedes,0,9,19,65.05199999999999,2025,11,Austrian Grand Prix,red_bull_ring,Red Bull Ring,47.2197,14.7647,Spielberg,Austria,2025-06-29,13:00:00Z,NA
sainz,williams,0,19,20,65.582,2025,11,Austrian Grand Prix,red_bull_ring,Red Bull Ring,47.2197,14.7647,Spielberg,Austria,2025-06-29,13:00:00Z,NA
norris,mclaren,25,3,1,85.01,2025,12,British Grand Prix,silverstone,Silverstone Circuit,52.0786,-1.01694,Silverstone,UK,2025-07-06,14:00:00Z,NA
piastri,mclaren,18,2,2,84.995,2025,12,British Grand Prix,silverstone,Silverstone Circuit,52.0786,-1.01694,Silverstone,UK,2025-07-06,14:00:00Z,NA
hulkenberg,sauber,15,19,3,86.574,2025,12,British Grand Prix,silverstone,Silverstone Circuit,52.0786,-1.01694,Silverstone,UK,2025-07-06,14:00:00Z,NA
hamilton,ferrari,12,5,4,85.084,2025,12,British Grand Prix,silverstone,Silverstone Circuit,52.0786,-1.01694,Silverstone,UK,2025-07-06,14:00:00Z,NA
max_verstappen,red_bull,10,1,5,84.892,2025,12,British Grand Prix,silverstone,Silverstone Circuit,52.0786,-1.01694,Silverstone,UK,2025-07-06,14:00:00Z,NA
gasly,alpine,8,8,6,85.711,2025,12,British Grand Prix,silverstone,Silverstone Circuit,52.0786,-1.01694,Silverstone,UK,2025-07-06,14:00:00Z,NA
stroll,aston_martin,6,17,7,86.504,2025,12,British Grand Prix,silverstone,Silverstone Circuit,52.0786,-1.01694,Silverstone,UK,2025-07-06,14:00:00Z,NA
albon,williams,4,13,8,85.889,2025,12,British Grand Prix,silverstone,Silverstone Circuit,52.0786,-1.01694,Silverstone,UK,2025-07-06,14:00:00Z,NA
alonso,aston_martin,2,7,9,85.593,2025,12,British Grand Prix,silverstone,Silverstone Circuit,52.0786,-1.01694,Silverstone,UK,2025-07-06,14:00:00Z,NA
russell,mercedes,1,4,10,85.029,2025,12,British Grand Prix,silverstone,Silverstone Circuit,52.0786,-1.01694,Silverstone,UK,2025-07-06,14:00:00Z,NA
bearman,haas,0,18,11,85.471,2025,12,British Grand Prix,silverstone,Silverstone Circuit,52.0786,-1.01694,Silverstone,UK,2025-07-06,14:00:00Z,NA
sainz,williams,0,9,12,85.746,2025,12,British Grand Prix,silverstone,Silverstone Circuit,52.0786,-1.01694,Silverstone,UK,2025-07-06,14:00:00Z,NA
ocon,haas,0,14,13,85.95,2025,12,British Grand Prix,silverstone,Silverstone Circuit,52.0786,-1.01694,Silverstone,UK,2025-07-06,14:00:00Z,NA
leclerc,ferrari,0,6,14,85.121,2025,12,British Grand Prix,silverstone,Silverstone Circuit,52.0786,-1.01694,Silverstone,UK,2025-07-06,14:00:00Z,NA
tsunoda,red_bull,0,11,15,85.826,2025,12,British Grand Prix,silverstone,Silverstone Circuit,52.0786,-1.01694,Silverstone,UK,2025-07-06,14:00:00Z,NA
antonelli,mercedes,0,10,16,85.374,2025,12,British Grand Prix,silverstone,Silverstone Circuit,52.0786,-1.01694,Silverstone,UK,2025-07-06,14:00:00Z,NA
hadjar,rb,0,12,17,85.864,2025,12,British Grand Prix,silverstone,Silverstone Circuit,52.0786,-1.01694,Silverstone,UK,2025-07-06,14:00:00Z,NA
bortoleto,sauber,0,16,18,86.446,2025,12,British Grand Prix,silverstone,Silverstone Circuit,52.0786,-1.01694,Silverstone,UK,2025-07-06,14:00:00Z,NA
lawson,rb,0,15,19,86.44,2025,12,British Grand Prix,silverstone,Silverstone Circuit,52.0786,-1.01694,Silverstone,UK,2025-07-06,14:00:00Z,NA
colapinto,alpine,0,20,20,87.06,2025,12,British Grand Prix,silverstone,Silverstone Circuit,52.0786,-1.01694,Silverstone,UK,2025-07-06,14:00:00Z,NA
piastri,mclaren,25,2,1,100.626,2025,13,Belgian Grand Prix,spa,Circuit de Spa-Francorchamps,50.4372,5.97139,Spa,Belgium,2025-07-27,13:00:00Z,2025-07-26
norris,mclaren,18,1,2,100.562,2025,13,Belgian Grand Prix,spa,Circuit de Spa-Francorchamps,50.4372,5.97139,Spa,Belgium,2025-07-27,13:00:00Z,2025-07-26
leclerc,ferrari,15,3,3,100.9,2025,13,Belgian Grand Prix,spa,Circuit de Spa-Francorchamps,50.4372,5.97139,Spa,Belgium,2025-07-27,13:00:00Z,2025-07-26
max_verstappen,red_bull,12,4,4,100.90299999999999,2025,13,Belgian Grand Prix,spa,Circuit de Spa-Francorchamps,50.4372,5.97139,Spa,Belgium,2025-07-27,13:00:00Z,2025-07-26
russell,mercedes,10,6,5,101.25399999999999,2025,13,Belgian Grand Prix,spa,Circuit de Spa-Francorchamps,50.4372,5.97139,Spa,Belgium,2025-07-27,13:00:00Z,2025-07-26
albon,williams,8,5,6,101.201,2025,13,Belgian Grand Prix,spa,Circuit de Spa-Francorchamps,50.4372,5.97139,Spa,Belgium,2025-07-27,13:00:00Z,2025-07-26
hamilton,ferrari,6,18,7,101.939,2025,13,Belgian Grand Prix,spa,Circuit de Spa-Francorchamps,50.4372,5.97139,Spa,Belgium,2025-07-27,13:00:00Z,2025-07-26
lawson,rb,4,9,8,101.297,2025,13,Belgian Grand Prix,spa,Circuit de Spa-Francorchamps,50.4372,5.97139,Spa,Belgium,2025-07-27,13:00:00Z,2025-07-26
bortoleto,sauber,2,10,9,101.336,2025,13,Belgian Grand Prix,spa,Circuit de Spa-Francorchamps,50.4372,5.97139,Spa,Belgium,2025-07-27,13:00:00Z,2025-07-26
gasly,alpine,1,13,10,101.63300000000001,2025,13,Belgian Grand Prix,spa,Circuit de Spa-Francorchamps,50.4372,5.97139,Spa,Belgium,2025-07-27,13:00:00Z,2025-07-26
bearman,haas,0,12,11,101.61699999999999,2025,13,Belgian Grand Prix,spa,Circuit de Spa-Francorchamps,50.4372,5.97139,Spa,Belgium,2025-07-27,13:00:00Z,2025-07-26
hulkenberg,sauber,0,14,12,101.707,2025,13,Belgian Grand Prix,spa,Circuit de Spa-Francorchamps,50.4372,5.97139,Spa,Belgium,2025-07-27,13:00:00Z,2025-07-26
tsunoda,red_bull,0,7,13,101.245,2025,13,Belgian Grand Prix,spa,Circuit de Spa-Francorchamps,50.4372,5.97139,Spa,Belgium,2025-07-27,13:00:00Z,2025-07-26
stroll,aston_martin,0,16,14,102.50200000000001,2025,13,Belgian Grand Prix,spa,Circuit de Spa-Francorchamps,50.4372,5.97139,Spa,Belgium,2025-07-27,13:00:00Z,2025-07-26
ocon,haas,0,11,15,101.525,2025,13,Belgian Grand Prix,spa,Circuit de Spa-Francorchamps,50.4372,5.97139,Spa,Belgium,2025-07-27,13:00:00Z,2025-07-26
antonelli,mercedes,0,19,16,102.13900000000001,2025,13,Belgian Grand Prix,spa,Circuit de Spa-Francorchamps,50.4372,5.97139,Spa,Belgium,2025-07-27,13:00:00Z,2025-07-26
alonso,aston_martin,0,20,17,102.38499999999999,2025,13,Belgian Grand Prix,spa,Circuit de Spa-Francorchamps,50.4372,5.97139,Spa,Belgium,2025-07-27,13:00:00Z,2025-07-26
sainz,williams,0,17,18,101.691,2025,13,Belgian Grand Prix,spa,Circuit de Spa-Francorchamps,50.4372,5.97139,Spa,Belgium,2025-07-27,13:00:00Z,2025-07-26
colapinto,alpine,0,15,19,102.02199999999999,2025,13,Belgian Grand Prix,spa,Circuit de Spa-Francorchamps,50.4372,5.97139,Spa,Belgium,2025-07-27,13:00:00Z,2025-07-26
hadjar,rb,0,8,20,101.281,2025,13,Belgian Grand Prix,spa,Circuit de Spa-Francorchamps,50.4372,5.97139,Spa,Belgium,2025-07-27,13:00:00Z,2025-07-26
norris,mclaren,25,3,1,74.89,2025,14,Hungarian Grand Prix,hungaroring,Hungaroring,47.5789,19.2486,Budapest,Hungary,2025-08-03,13:00:00Z,NA
piastri,mclaren,18,2,2,74.941,2025,14,Hungarian Grand Prix,hungaroring,Hungaroring,47.5789,19.2486,Budapest,Hungary,2025-08-03,13:00:00Z,NA
russell,mercedes,15,4,3,75.201,2025,14,Hungarian Grand Prix,hungaroring,Hungaroring,47.5789,19.2486,Budapest,Hungary,2025-08-03,13:00:00Z,NA
leclerc,ferrari,12,1,4,75.372,2025,14,Hungarian Grand Prix,hungaroring,Hungaroring,47.5789,19.2486,Budapest,Hungary,2025-08-03,13:00:00Z,NA
alonso,aston_martin,10,5,5,75.281,2025,14,Hungarian Grand Prix,hungaroring,Hungaroring,47.5789,19.2486,Budapest,Hungary,2025-08-03,13:00:00Z,NA
bortoleto,sauber,8,7,6,75.586,2025,14,Hungarian Grand Prix,hungaroring,Hungaroring,47.5789,19.2486,Budapest,Hungary,2025-08-03,13:00:00Z,NA
stroll,aston_martin,6,6,7,75.129,2025,14,Hungarian Grand Prix,hungaroring,Hungaroring,47.5789,19.2486,Budapest,Hungary,2025-08-03,13:00:00Z,NA
lawson,rb,4,9,8,75.63,2025,14,Hungarian Grand Prix,hungaroring,Hungaroring,47.5789,19.2486,Budapest,Hungary,2025-08-03,13:00:00Z,NA
max_verstappen,red_bull,2,8,9,75.547,2025,14,Hungarian Grand Prix,hungaroring,Hungaroring,47.5789,19.2486,Budapest,Hungary,2025-08-03,13:00:00Z,NA
antonelli,mercedes,1,15,10,75.782,2025,14,Hungarian Grand Prix,hungaroring,Hungaroring,47.5789,19.2486,Budapest,Hungary,2025-08-03,13:00:00Z,NA
hadjar,rb,0,10,11,75.469,2025,14,Hungarian Grand Prix,hungaroring,Hungaroring,47.5789,19.2486,Budapest,Hungary,2025-08-03,13:00:00Z,NA
hamilton,ferrari,0,12,12,75.702,2025,14,Hungarian Grand Prix,hungaroring,Hungaroring,47.5789,19.2486,Budapest,Hungary,2025-08-03,13:00:00Z,NA
hulkenberg,sauber,0,18,13,76.081,2025,14,Hungarian Grand Prix,hungaroring,Hungaroring,47.5789,19.2486,Budapest,Hungary,2025-08-03,13:00:00Z,NA
sainz,williams,0,13,14,75.652,2025,14,Hungarian Grand Prix,hungaroring,Hungaroring,47.5789,19.2486,Budapest,Hungary,2025-08-03,13:00:00Z,NA
albon,williams,0,19,15,76.223,2025,14,Hungarian Grand Prix,hungaroring,Hungaroring,47.5789,19.2486,Budapest,Hungary,2025-08-03,13:00:00Z,NA
ocon,haas,0,17,16,76.023,2025,14,Hungarian Grand Prix,hungaroring,Hungaroring,47.5789,19.2486,Budapest,Hungary,2025-08-03,13:00:00Z,NA
tsunoda,red_bull,0,20,17,75.899,2025,14,Hungarian Grand Prix,hungaroring,Hungaroring,47.5789,19.2486,Budapest,Hungary,2025-08-03,13:00:00Z,NA
colapinto,alpine,0,14,18,75.875,2025,14,Hungarian Grand Prix,hungaroring,Hungaroring,47.5789,19.2486,Budapest,Hungary,2025-08-03,13:00:00Z,NA
gasly,alpine,0,16,19,75.966,2025,14,Hungarian Grand Prix,hungaroring,Hungaroring,47.5789,19.2486,Budapest,Hungary,2025-08-03,13:00:00Z,NA
bearman,haas,0,11,20,75.694,2025,14,Hungarian Grand Prix,hungaroring,Hungaroring,47.5789,19.2486,Budapest,Hungary,2025-08-03,13:00:00Z,NA
piastri,mclaren,25,1,1,68.662,2025,15,Dutch Grand Prix,zandvoort,Circuit Park Zandvoort,52.3888,4.54092,Zandvoort,Netherlands,2025-08-31,13:00:00Z,NA
max_verstappen,red_bull,18,3,2,68.925,2025,15,Dutch Grand Prix,zandvoort,Circuit Park Zandvoort,52.3888,4.54092,Zandvoort,Netherlands,2025-08-31,13:00:00Z,NA
hadjar,rb,15,4,3,69.208,2025,15,Dutch Grand Prix,zandvoort,Circuit Park Zandvoort,52.3888,4.54092,Zandvoort,Netherlands,2025-08-31,13:00:00Z,NA
russell,mercedes,12,5,4,69.255,2025,15,Dutch Grand Prix,zandvoort,Circuit Park Zandvoort,52.3888,4.54092,Zandvoort,Netherlands,2025-08-31,13:00:00Z,NA
albon,williams,10,15,5,69.652,2025,15,Dutch Grand Prix,zandvoort,Circuit Park Zandvoort,52.3888,4.54092,Zandvoort,Netherlands,2025-08-31,13:00:00Z,NA
bearman,haas,8,20,6,70.262,2025,15,Dutch Grand Prix,zandvoort,Circuit Park Zandvoort,52.3888,4.54092,Zandvoort,Netherlands,2025-08-31,13:00:00Z,NA
stroll,aston_martin,6,19,7,Inf,2025,15,Dutch Grand Prix,zandvoort,Circuit Park Zandvoort,52.3888,4.54092,Zandvoort,Netherlands,2025-08-31,13:00:00Z,NA
alonso,aston_martin,4,10,8,69.366,2025,15,Dutch Grand Prix,zandvoort,Circuit Park Zandvoort,52.3888,4.54092,Zandvoort,Netherlands,2025-08-31,13:00:00Z,NA
tsunoda,red_bull,2,12,9,69.622,2025,15,Dutch Grand Prix,zandvoort,Circuit Park Zandvoort,52.3888,4.54092,Zandvoort,Netherlands,2025-08-31,13:00:00Z,NA
ocon,haas,1,18,10,70.197,2025,15,Dutch Grand Prix,zandvoort,Circuit Park Zandvoort,52.3888,4.54092,Zandvoort,Netherlands,2025-08-31,13:00:00Z,NA
colapinto,alpine,0,16,11,70.104,2025,15,Dutch Grand Prix,zandvoort,Circuit Park Zandvoort,52.3888,4.54092,Zandvoort,Netherlands,2025-08-31,13:00:00Z,NA
lawson,rb,0,8,12,69.383,2025,15,Dutch Grand Prix,zandvoort,Circuit Park Zandvoort,52.3888,4.54092,Zandvoort,Netherlands,2025-08-31,13:00:00Z,NA
sainz,williams,0,9,13,69.472,2025,15,Dutch Grand Prix,zandvoort,Circuit Park Zandvoort,52.3888,4.54092,Zandvoort,Netherlands,2025-08-31,13:00:00Z,NA
hulkenberg,sauber,0,17,14,70.195,2025,15,Dutch Grand Prix,zandvoort,Circuit Park Zandvoort,52.3888,4.54092,Zandvoort,Netherlands,2025-08-31,13:00:00Z,NA
bortoleto,sauber,0,13,15,69.622,2025,15,Dutch Grand Prix,zandvoort,Circuit Park Zandvoort,52.3888,4.54092,Zandvoort,Netherlands,2025-08-31,13:00:00Z,NA
antonelli,mercedes,0,11,16,69.493,2025,15,Dutch Grand Prix,zandvoort,Circuit Park Zandvoort,52.3888,4.54092,Zandvoort,Netherlands,2025-08-31,13:00:00Z,NA
gasly,alpine,0,14,17,69.637,2025,15,Dutch Grand Prix,zandvoort,Circuit Park Zandvoort,52.3888,4.54092,Zandvoort,Netherlands,2025-08-31,13:00:00Z,NA
norris,mclaren,0,2,18,68.674,2025,15,Dutch Grand Prix,zandvoort,Circuit Park Zandvoort,52.3888,4.54092,Zandvoort,Netherlands,2025-08-31,13:00:00Z,NA
leclerc,ferrari,0,6,19,69.304,2025,15,Dutch Grand Prix,zandvoort,Circuit Park Zandvoort,52.3888,4.54092,Zandvoort,Netherlands,2025-08-31,13:00:00Z,NA
hamilton,ferrari,0,7,20,69.261,2025,15,Dutch Grand Prix,zandvoort,Circuit Park Zandvoort,52.3888,4.54092,Zandvoort,Netherlands,2025-08-31,13:00:00Z,NA
max_verstappen,red_bull,25,1,1,78.792,2025,16,Italian Grand Prix,monza,Autodromo Nazionale di Monza,45.6156,9.28111,Monza,Italy,2025-09-07,13:00:00Z,NA
norris,mclaren,18,2,2,78.869,2025,16,Italian Grand Prix,monza,Autodromo Nazionale di Monza,45.6156,9.28111,Monza,Italy,2025-09-07,13:00:00Z,NA
piastri,mclaren,15,3,3,78.982,2025,16,Italian Grand Prix,monza,Autodromo Nazionale di Monza,45.6156,9.28111,Monza,Italy,2025-09-07,13:00:00Z,NA
leclerc,ferrari,12,4,4,79.007,2025,16,Italian Grand Prix,monza,Autodromo Nazionale di Monza,45.6156,9.28111,Monza,Italy,2025-09-07,13:00:00Z,NA
russell,mercedes,10,5,5,79.157,2025,16,Italian Grand Prix,monza,Autodromo Nazionale di Monza,45.6156,9.28111,Monza,Italy,2025-09-07,13:00:00Z,NA
hamilton,ferrari,8,10,6,79.124,2025,16,Italian Grand Prix,monza,Autodromo Nazionale di Monza,45.6156,9.28111,Monza,Italy,2025-09-07,13:00:00Z,NA
albon,williams,6,14,7,79.583,2025,16,Italian Grand Prix,monza,Autodromo Nazionale di Monza,45.6156,9.28111,Monza,Italy,2025-09-07,13:00:00Z,NA
bortoleto,sauber,4,7,8,79.32300000000001,2025,16,Italian Grand Prix,monza,Autodromo Nazionale di Monza,45.6156,9.28111,Monza,Italy,2025-09-07,13:00:00Z,NA
antonelli,mercedes,2,6,9,79.2,2025,16,Italian Grand Prix,monza,Autodromo Nazionale di Monza,45.6156,9.28111,Monza,Italy,2025-09-07,13:00:00Z,NA
hadjar,rb,1,19,10,79.917,2025,16,Italian Grand Prix,monza,Autodromo Nazionale di Monza,45.6156,9.28111,Monza,Italy,2025-09-07,13:00:00Z,NA
sainz,williams,0,13,11,79.52799999999999,2025,16,Italian Grand Prix,monza,Autodromo Nazionale di Monza,45.6156,9.28111,Monza,Italy,2025-09-07,13:00:00Z,NA
bearman,haas,0,11,12,79.446,2025,16,Italian Grand Prix,monza,Autodromo Nazionale di Monza,45.6156,9.28111,Monza,Italy,2025-09-07,13:00:00Z,NA
tsunoda,red_bull,0,9,13,79.43299999999999,2025,16,Italian Grand Prix,monza,Autodromo Nazionale di Monza,45.6156,9.28111,Monza,Italy,2025-09-07,13:00:00Z,NA
lawson,rb,0,18,14,80.279,2025,16,Italian Grand Prix,monza,Autodromo Nazionale di Monza,45.6156,9.28111,Monza,Italy,2025-09-07,13:00:00Z,NA
ocon,haas,0,15,15,79.707,2025,16,Italian Grand Prix,monza,Autodromo Nazionale di Monza,45.6156,9.28111,Monza,Italy,2025-09-07,13:00:00Z,NA
gasly,alpine,0,20,16,80.10300000000001,2025,16,Italian Grand Prix,monza,Autodromo Nazionale di Monza,45.6156,9.28111,Monza,Italy,2025-09-07,13:00:00Z,NA
colapinto,alpine,0,17,17,79.992,2025,16,Italian Grand Prix,monza,Autodromo Nazionale di Monza,45.6156,9.28111,Monza,Italy,2025-09-07,13:00:00Z,NA
stroll,aston_martin,0,16,18,79.94800000000001,2025,16,Italian Grand Prix,monza,Autodromo Nazionale di Monza,45.6156,9.28111,Monza,Italy,2025-09-07,13:00:00Z,NA
alonso,aston_martin,0,8,19,79.362,2025,16,Italian Grand Prix,monza,Autodromo Nazionale di Monza,45.6156,9.28111,Monza,Italy,2025-09-07,13:00:00Z,NA
hulkenberg,sauber,0,12,20,79.498,2025,16,Italian Grand Prix,monza,Autodromo Nazionale di Monza,45.6156,9.28111,Monza,Italy,2025-09-07,13:00:00Z,NA
max_verstappen,red_bull,25,1,1,101.11699999999999,2025,17,Azerbaijan Grand Prix,baku,Baku City Circuit,40.3725,49.8533,Baku,Azerbaijan,2025-09-21,11:00:00Z,NA
russell,mercedes,18,5,2,101.455,2025,17,Azerbaijan Grand Prix,baku,Baku City Circuit,40.3725,49.8533,Baku,Azerbaijan,2025-09-21,11:00:00Z,NA
sainz,williams,15,2,3,101.595,2025,17,Azerbaijan Grand Prix,baku,Baku City Circuit,40.3725,49.8533,Baku,Azerbaijan,2025-09-21,11:00:00Z,NA
antonelli,mercedes,12,4,4,101.464,2025,17,Azerbaijan Grand Prix,baku,Baku City Circuit,40.3725,49.8533,Baku,Azerbaijan,2025-09-21,11:00:00Z,NA
lawson,rb,10,3,5,101.537,2025,17,Azerbaijan Grand Prix,baku,Baku City Circuit,40.3725,49.8533,Baku,Azerbaijan,2025-09-21,11:00:00Z,NA
tsunoda,red_bull,8,6,6,101.788,2025,17,Azerbaijan Grand Prix,baku,Baku City Circuit,40.3725,49.8533,Baku,Azerbaijan,2025-09-21,11:00:00Z,NA
norris,mclaren,6,7,7,101.322,2025,17,Azerbaijan Grand Prix,baku,Baku City Circuit,40.3725,49.8533,Baku,Azerbaijan,2025-09-21,11:00:00Z,NA
hamilton,ferrari,4,12,8,101.821,2025,17,Azerbaijan Grand Prix,baku,Baku City Circuit,40.3725,49.8533,Baku,Azerbaijan,2025-09-21,11:00:00Z,NA
leclerc,ferrari,2,10,9,101.458,2025,17,Azerbaijan Grand Prix,baku,Baku City Circuit,40.3725,49.8533,Baku,Azerbaijan,2025-09-21,11:00:00Z,NA
hadjar,rb,1,8,10,101.64699999999999,2025,17,Azerbaijan Grand Prix,baku,Baku City Circuit,40.3725,49.8533,Baku,Azerbaijan,2025-09-21,11:00:00Z,NA
bortoleto,sauber,0,13,11,102.277,2025,17,Azerbaijan Grand Prix,baku,Baku City Circuit,40.3725,49.8533,Baku,Azerbaijan,2025-09-21,11:00:00Z,NA
bearman,haas,0,15,12,102.666,2025,17,Azerbaijan Grand Prix,baku,Baku City Circuit,40.3725,49.8533,Baku,Azerbaijan,2025-09-21,11:00:00Z,NA
albon,williams,0,19,13,103.77799999999999,2025,17,Azerbaijan Grand Prix,baku,Baku City Circuit,40.3725,49.8533,Baku,Azerbaijan,2025-09-21,11:00:00Z,NA
ocon,haas,0,20,14,Inf,2025,17,Azerbaijan Grand Prix,baku,Baku City Circuit,40.3725,49.8533,Baku,Azerbaijan,2025-09-21,11:00:00Z,NA
alonso,aston_martin,0,11,15,101.857,2025,17,Azerbaijan Grand Prix,baku,Baku City Circuit,40.3725,49.8533,Baku,Azerbaijan,2025-09-21,11:00:00Z,NA
hulkenberg,sauber,0,17,16,102.916,2025,17,Azerbaijan Grand Prix,baku,Baku City Circuit,40.3725,49.8533,Baku,Azerbaijan,2025-09-21,11:00:00Z,NA
stroll,aston_martin,0,14,17,102.101,2025,17,Azerbaijan Grand Prix,baku,Baku City Circuit,40.3725,49.8533,Baku,Azerbaijan,2025-09-21,11:00:00Z,NA
gasly,alpine,0,18,18,103.13900000000001,2025,17,Azerbaijan Grand Prix,baku,Baku City Circuit,40.3725,49.8533,Baku,Azerbaijan,2025-09-21,11:00:00Z,NA
colapinto,alpine,0,16,19,102.779,2025,17,Azerbaijan Grand Prix,baku,Baku City Circuit,40.3725,49.8533,Baku,Azerbaijan,2025-09-21,11:00:00Z,NA
piastri,mclaren,0,9,20,101.414,2025,17,Azerbaijan Grand Prix,baku,Baku City Circuit,40.3725,49.8533,Baku,Azerbaijan,2025-09-21,11:00:00Z,NA
russell,mercedes,25,1,1,89.158,2025,18,Singapore Grand Prix,marina_bay,Marina Bay Street Circuit,1.2914,103.864,Marina Bay,Singapore,2025-10-05,12:00:00Z,NA
max_verstappen,red_bull,18,2,2,89.34,2025,18,Singapore Grand Prix,marina_bay,Marina Bay Street Circuit,1.2914,103.864,Marina Bay,Singapore,2025-10-05,12:00:00Z,NA
norris,mclaren,15,5,3,89.586,2025,18,Singapore Grand Prix,marina_bay,Marina Bay Street Circuit,1.2914,103.864,Marina Bay,Singapore,2025-10-05,12:00:00Z,NA
piastri,mclaren,12,3,4,89.524,2025,18,Singapore Grand Prix,marina_bay,Marina Bay Street Circuit,1.2914,103.864,Marina Bay,Singapore,2025-10-05,12:00:00Z,NA
antonelli,mercedes,10,4,5,89.537,2025,18,Singapore Grand Prix,marina_bay,Marina Bay Street Circuit,1.2914,103.864,Marina Bay,Singapore,2025-10-05,12:00:00Z,NA
leclerc,ferrari,8,7,6,89.78399999999999,2025,18,Singapore Grand Prix,marina_bay,Marina Bay Street Circuit,1.2914,103.864,Marina Bay,Singapore,2025-10-05,12:00:00Z,NA
alonso,aston_martin,6,10,7,89.955,2025,18,Singapore Grand Prix,marina_bay,Marina Bay Street Circuit,1.2914,103.864,Marina Bay,Singapore,2025-10-05,12:00:00Z,NA
hamilton,ferrari,4,6,8,89.688,2025,18,Singapore Grand Prix,marina_bay,Marina Bay Street Circuit,1.2914,103.864,Marina Bay,Singapore,2025-10-05,12:00:00Z,NA
bearman,haas,2,9,9,89.868,2025,18,Singapore Grand Prix,marina_bay,Marina Bay Street Circuit,1.2914,103.864,Marina Bay,Singapore,2025-10-05,12:00:00Z,NA
sainz,williams,1,18,10,Inf,2025,18,Singapore Grand Prix,marina_bay,Marina Bay Street Circuit,1.2914,103.864,Marina Bay,Singapore,2025-10-05,12:00:00Z,NA
hadjar,rb,0,8,11,89.846,2025,18,Singapore Grand Prix,marina_bay,Marina Bay Street Circuit,1.2914,103.864,Marina Bay,Singapore,2025-10-05,12:00:00Z,NA
tsunoda,red_bull,0,13,12,90.35300000000001,2025,18,Singapore Grand Prix,marina_bay,Marina Bay Street Circuit,1.2914,103.864,Marina Bay,Singapore,2025-10-05,12:00:00Z,NA
stroll,aston_martin,0,15,13,90.949,2025,18,Singapore Grand Prix,marina_bay,Marina Bay Street Circuit,1.2914,103.864,Marina Bay,Singapore,2025-10-05,12:00:00Z,NA
albon,williams,0,20,14,Inf,2025,18,Singapore Grand Prix,marina_bay,Marina Bay Street Circuit,1.2914,103.864,Marina Bay,Singapore,2025-10-05,12:00:00Z,NA
lawson,rb,0,12,15,90.32,2025,18,Singapore Grand Prix,marina_bay,Marina Bay Street Circuit,1.2914,103.864,Marina Bay,Singapore,2025-10-05,12:00:00Z,NA
colapinto,alpine,0,16,16,90.982,2025,18,Singapore Grand Prix,marina_bay,Marina Bay Street Circuit,1.2914,103.864,Marina Bay,Singapore,2025-10-05,12:00:00Z,NA
bortoleto,sauber,0,14,17,90.82,2025,18,Singapore Grand Prix,marina_bay,Marina Bay Street Circuit,1.2914,103.864,Marina Bay,Singapore,2025-10-05,12:00:00Z,NA
ocon,haas,0,17,18,90.989,2025,18,Singapore Grand Prix,marina_bay,Marina Bay Street Circuit,1.2914,103.864,Marina Bay,Singapore,2025-10-05,12:00:00Z,NA
gasly,alpine,0,19,19,91.261,2025,18,Singapore Grand Prix,marina_bay,Marina Bay Street Circuit,1.2914,103.864,Marina Bay,Singapore,2025-10-05,12:00:00Z,NA
hulkenberg,sauber,0,11,20,90.14099999999999,2025,18,Singapore Grand Prix,marina_bay,Marina Bay Street Circuit,1.2914,103.864,Marina Bay,Singapore,2025-10-05,12:00:00Z,NA
max_verstappen,red_bull,25,1,1,92.50999999999999,2025,19,United States Grand Prix,americas,Circuit of the Americas,30.1328,-97.6411,Austin,USA,2025-10-19,19:00:00Z,2025-10-18
norris,mclaren,18,2,2,92.801,2025,19,United States Grand Prix,americas,Circuit of the Americas,30.1328,-97.6411,Austin,USA,2025-10-19,19:00:00Z,2025-10-18
leclerc,ferrari,15,3,3,92.807,2025,19,United States Grand Prix,americas,Circuit of the Americas,30.1328,-97.6411,Austin,USA,2025-10-19,19:00:00Z,2025-10-18
hamilton,ferrari,12,5,4,92.912,2025,19,United States Grand Prix,americas,Circuit of the Americas,30.1328,-97.6411,Austin,USA,2025-10-19,19:00:00Z,2025-10-18
piastri,mclaren,10,6,5,93.084,2025,19,United States Grand Prix,americas,Circuit of the Americas,30.1328,-97.6411,Austin,USA,2025-10-19,19:00:00Z,2025-10-18
russell,mercedes,8,4,6,92.826,2025,19,United States Grand Prix,americas,Circuit of the Americas,30.1328,-97.6411,Austin,USA,2025-10-19,19:00:00Z,2025-10-18
tsunoda,red_bull,6,13,7,93.46600000000001,2025,19,United States Grand Prix,americas,Circuit of the Americas,30.1328,-97.6411,Austin,USA,2025-10-19,19:00:00Z,2025-10-18
hulkenberg,sauber,4,11,8,93.334,2025,19,United States Grand Prix,americas,Circuit of the Americas,30.1328,-97.6411,Austin,USA,2025-10-19,19:00:00Z,2025-10-18
bearman,haas,2,8,9,93.13900000000001,2025,19,United States Grand Prix,americas,Circuit of the Americas,30.1328,-97.6411,Austin,USA,2025-10-19,19:00:00Z,2025-10-18
alonso,aston_martin,1,10,10,93.16,2025,19,United States Grand Prix,americas,Circuit of the Americas,30.1328,-97.6411,Austin,USA,2025-10-19,19:00:00Z,2025-10-18
lawson,rb,0,12,11,93.36,2025,19,United States Grand Prix,americas,Circuit of the Americas,30.1328,-97.6411,Austin,USA,2025-10-19,19:00:00Z,2025-10-18
stroll,aston_martin,0,19,12,94.53999999999999,2025,19,United States Grand Prix,americas,Circuit of the Americas,30.1328,-97.6411,Austin,USA,2025-10-19,19:00:00Z,2025-10-18
antonelli,mercedes,0,7,13,93.044,2025,19,United States Grand Prix,americas,Circuit of the Americas,30.1328,-97.6411,Austin,USA,2025-10-19,19:00:00Z,2025-10-18
albon,williams,0,18,14,94.69,2025,19,United States Grand Prix,americas,Circuit of the Americas,30.1328,-97.6411,Austin,USA,2025-10-19,19:00:00Z,2025-10-18
ocon,haas,0,17,15,94.136,2025,19,United States Grand Prix,americas,Circuit of the Americas,30.1328,-97.6411,Austin,USA,2025-10-19,19:00:00Z,2025-10-18
hadjar,rb,0,20,16,Inf,2025,19,United States Grand Prix,americas,Circuit of the Americas,30.1328,-97.6411,Austin,USA,2025-10-19,19:00:00Z,2025-10-18
colapinto,alpine,0,15,17,94.039,2025,19,United States Grand Prix,americas,Circuit of the Americas,30.1328,-97.6411,Austin,USA,2025-10-19,19:00:00Z,2025-10-18
bortoleto,sauber,0,16,18,94.125,2025,19,United States Grand Prix,americas,Circuit of the Americas,30.1328,-97.6411,Austin,USA,2025-10-19,19:00:00Z,2025-10-18
gasly,alpine,0,14,19,93.59899999999999,2025,19,United States Grand Prix,americas,Circuit of the Americas,30.1328,-97.6411,Austin,USA,2025-10-19,19:00:00Z,2025-10-18
sainz,williams,0,9,20,93.124,2025,19,United States Grand Prix,americas,Circuit of the Americas,30.1328,-97.6411,Austin,USA,2025-10-19,19:00:00Z,2025-10-18
norris,mclaren,25,1,1,75.586,2025,20,Mexico City Grand Prix,rodriguez,Autódromo Hermanos Rodríguez,19.4042,-99.0907,Mexico City,Mexico,2025-10-26,20:00:00Z,NA
leclerc,ferrari,18,2,2,75.848,2025,20,Mexico City Grand Prix,rodriguez,Autódromo Hermanos Rodríguez,19.4042,-99.0907,Mexico City,Mexico,2025-10-26,20:00:00Z,NA
max_verstappen,red_bull,15,5,3,76.07,2025,20,Mexico City Grand Prix,rodriguez,Autódromo Hermanos Rodríguez,19.4042,-99.0907,Mexico City,Mexico,2025-10-26,20:00:00Z,NA
bearman,haas,12,9,4,76.46000000000001,2025,20,Mexico City Grand Prix,rodriguez,Autódromo Hermanos Rodríguez,19.4042,-99.0907,Mexico City,Mexico,2025-10-26,20:00:00Z,NA
piastri,mclaren,10,7,5,76.174,2025,20,Mexico City Grand Prix,rodriguez,Autódromo Hermanos Rodríguez,19.4042,-99.0907,Mexico City,Mexico,2025-10-26,20:00:00Z,NA
antonelli,mercedes,8,6,6,76.118,2025,20,Mexico City Grand Prix,rodriguez,Autódromo Hermanos Rodríguez,19.4042,-99.0907,Mexico City,Mexico,2025-10-26,20:00:00Z,NA
russell,mercedes,6,4,7,76.03399999999999,2025,20,Mexico City Grand Prix,rodriguez,Autódromo Hermanos Rodríguez,19.4042,-99.0907,Mexico City,Mexico,2025-10-26,20:00:00Z,NA
hamilton,ferrari,4,3,8,75.938,2025,20,Mexico City Grand Prix,rodriguez,Autódromo Hermanos Rodríguez,19.4042,-99.0907,Mexico City,Mexico,2025-10-26,20:00:00Z,NA
ocon,haas,2,11,9,76.837,2025,20,Mexico City Grand Prix,rodriguez,Autódromo Hermanos Rodríguez,19.4042,-99.0907,Mexico City,Mexico,2025-10-26,20:00:00Z,NA
bortoleto,sauber,1,16,10,77.412,2025,20,Mexico City Grand Prix,rodriguez,Autódromo Hermanos Rodríguez,19.4042,-99.0907,Mexico City,Mexico,2025-10-26,20:00:00Z,NA
tsunoda,red_bull,0,10,11,76.816,2025,20,Mexico City Grand Prix,rodriguez,Autódromo Hermanos Rodríguez,19.4042,-99.0907,Mexico City,Mexico,2025-10-26,20:00:00Z,NA
albon,williams,0,17,12,77.49,2025,20,Mexico City Grand Prix,rodriguez,Autódromo Hermanos Rodríguez,19.4042,-99.0907,Mexico City,Mexico,2025-10-26,20:00:00Z,NA
hadjar,rb,0,8,13,76.252,2025,20,Mexico City Grand Prix,rodriguez,Autódromo Hermanos Rodríguez,19.4042,-99.0907,Mexico City,Mexico,2025-10-26,20:00:00Z,NA
stroll,aston_martin,0,19,14,77.606,2025,20,Mexico City Grand Prix,rodriguez,Autódromo Hermanos Rodríguez,19.4042,-99.0907,Mexico City,Mexico,2025-10-26,20:00:00Z,NA
gasly,alpine,0,18,15,77.54599999999999,2025,20,Mexico City Grand Prix,rodriguez,Autódromo Hermanos Rodríguez,19.4042,-99.0907,Mexico City,Mexico,2025-10-26,20:00:00Z,NA
colapinto,alpine,0,20,16,77.67,2025,20,Mexico City Grand Prix,rodriguez,Autódromo Hermanos Rodríguez,19.4042,-99.0907,Mexico City,Mexico,2025-10-26,20:00:00Z,NA
sainz,williams,0,12,17,76.172,2025,20,Mexico City Grand Prix,rodriguez,Autódromo Hermanos Rodríguez,19.4042,-99.0907,Mexico City,Mexico,2025-10-26,20:00:00Z,NA
alonso,aston_martin,0,14,18,77.10300000000001,2025,20,Mexico City Grand Prix,rodriguez,Autódromo Hermanos Rodríguez,19.4042,-99.0907,Mexico City,Mexico,2025-10-26,20:00:00Z,NA
hulkenberg,sauber,0,13,19,77.01599999999999,2025,20,Mexico City Grand Prix,rodriguez,Autódromo Hermanos Rodríguez,19.4042,-99.0907,Mexico City,Mexico,2025-10-26,20:00:00Z,NA
lawson,rb,0,15,20,76.961,2025,20,Mexico City Grand Prix,rodriguez,Autódromo Hermanos Rodríguez,19.4042,-99.0907,Mexico City,Mexico,2025-10-26,20:00:00Z,NA
norris,mclaren,25,1,1,69.511,2025,21,São Paulo Grand Prix,interlagos,Autódromo José Carlos Pace,-23.7036,-46.6997,São Paulo,Brazil,2025-11-09,17:00:00Z,2025-11-08
antonelli,mercedes,18,2,2,69.685,2025,21,São Paulo Grand Prix,interlagos,Autódromo José Carlos Pace,-23.7036,-46.6997,São Paulo,Brazil,2025-11-09,17:00:00Z,2025-11-08
max_verstappen,red_bull,15,19,3,70.403,2025,21,São Paulo Grand Prix,interlagos,Autódromo José Carlos Pace,-23.7036,-46.6997,São Paulo,Brazil,2025-11-09,17:00:00Z,2025-11-08
russell,mercedes,12,6,4,69.88,2025,21,São Paulo Grand Prix,interlagos,Autódromo José Carlos Pace,-23.7036,-46.6997,São Paulo,Brazil,2025-11-09,17:00:00Z,2025-11-08
piastri,mclaren,10,4,5,69.83500000000001,2025,21,São Paulo Grand Prix,interlagos,Autódromo José Carlos Pace,-23.7036,-46.6997,São Paulo,Brazil,2025-11-09,17:00:00Z,2025-11-08
bearman,haas,8,8,6,69.755,2025,21,São Paulo Grand Prix,interlagos,Autódromo José Carlos Pace,-23.7036,-46.6997,São Paulo,Brazil,2025-11-09,17:00:00Z,2025-11-08
lawson,rb,6,7,7,69.95,2025,21,São Paulo Grand Prix,interlagos,Autódromo José Carlos Pace,-23.7036,-46.6997,São Paulo,Brazil,2025-11-09,17:00:00Z,2025-11-08
hadjar,rb,4,5,8,69.931,2025,21,São Paulo Grand Prix,interlagos,Autódromo José Carlos Pace,-23.7036,-46.6997,São Paulo,Brazil,2025-11-09,17:00:00Z,2025-11-08
hulkenberg,sauber,2,10,9,69.985,2025,21,São Paulo Grand Prix,interlagos,Autódromo José Carlos Pace,-23.7036,-46.6997,São Paulo,Brazil,2025-11-09,17:00:00Z,2025-11-08
gasly,alpine,1,9,10,69.857,2025,21,São Paulo Grand Prix,interlagos,Autódromo José Carlos Pace,-23.7036,-46.6997,São Paulo,Brazil,2025-11-09,17:00:00Z,2025-11-08
albon,williams,0,12,11,70.053,2025,21,São Paulo Grand Prix,interlagos,Autódromo José Carlos Pace,-23.7036,-46.6997,São Paulo,Brazil,2025-11-09,17:00:00Z,2025-11-08
ocon,haas,0,20,12,70.438,2025,21,São Paulo Grand Prix,interlagos,Autódromo José Carlos Pace,-23.7036,-46.6997,São Paulo,Brazil,2025-11-09,17:00:00Z,2025-11-08
sainz,williams,0,15,13,70.184,2025,21,São Paulo Grand Prix,interlagos,Autódromo José Carlos Pace,-23.7036,-46.6997,São Paulo,Brazil,2025-11-09,17:00:00Z,2025-11-08
alonso,aston_martin,0,11,14,70.001,2025,21,São Paulo Grand Prix,interlagos,Autódromo José Carlos Pace,-23.7036,-46.6997,São Paulo,Brazil,2025-11-09,17:00:00Z,2025-11-08
colapinto,alpine,0,16,15,70.632,2025,21,São Paulo Grand Prix,interlagos,Autódromo José Carlos Pace,-23.7036,-46.6997,São Paulo,Brazil,2025-11-09,17:00:00Z,2025-11-08
stroll,aston_martin,0,14,16,70.041,2025,21,São Paulo Grand Prix,interlagos,Autódromo José Carlos Pace,-23.7036,-46.6997,São Paulo,Brazil,2025-11-09,17:00:00Z,2025-11-08
tsunoda,red_bull,0,17,17,70.711,2025,21,São Paulo Grand Prix,interlagos,Autódromo José Carlos Pace,-23.7036,-46.6997,São Paulo,Brazil,2025-11-09,17:00:00Z,2025-11-08
hamilton,ferrari,0,13,18,70.016,2025,21,São Paulo Grand Prix,interlagos,Autódromo José Carlos Pace,-23.7036,-46.6997,São Paulo,Brazil,2025-11-09,17:00:00Z,2025-11-08
leclerc,ferrari,0,3,19,69.801,2025,21,São Paulo Grand Prix,interlagos,Autódromo José Carlos Pace,-23.7036,-46.6997,São Paulo,Brazil,2025-11-09,17:00:00Z,2025-11-08
bortoleto,sauber,0,18,20,NA,2025,21,São Paulo Grand Prix,interlagos,Autódromo José Carlos Pace,-23.7036,-46.6997,São Paulo,Brazil,2025-11-09,17:00:00Z,2025-11-08
max_verstappen,red_bull,25,2,1,108.257,2025,22,Las Vegas Grand Prix,vegas,Las Vegas Strip Street Circuit,36.1147,-115.173,Las Vegas,USA,2025-11-23,04:00:00Z,NA
russell,mercedes,18,4,2,108.803,2025,22,Las Vegas Grand Prix,vegas,Las Vegas Strip Street Circuit,36.1147,-115.173,Las Vegas,USA,2025-11-23,04:00:00Z,NA
antonelli,mercedes,15,17,3,116.314,2025,22,Las Vegas Grand Prix,vegas,Las Vegas Strip Street Circuit,36.1147,-115.173,Las Vegas,USA,2025-11-23,04:00:00Z,NA
leclerc,ferrari,12,9,4,109.872,2025,22,Las Vegas Grand Prix,vegas,Las Vegas Strip Street Circuit,36.1147,-115.173,Las Vegas,USA,2025-11-23,04:00:00Z,NA
sainz,williams,10,3,5,108.29599999999999,2025,22,Las Vegas Grand Prix,vegas,Las Vegas Strip Street Circuit,36.1147,-115.173,Las Vegas,USA,2025-11-23,04:00:00Z,NA
hadjar,rb,8,8,6,109.554,2025,22,Las Vegas Grand Prix,vegas,Las Vegas Strip Street Circuit,36.1147,-115.173,Las Vegas,USA,2025-11-23,04:00:00Z,NA
hulkenberg,sauber,6,11,7,112.781,2025,22,Las Vegas Grand Prix,vegas,Las Vegas Strip Street Circuit,36.1147,-115.173,Las Vegas,USA,2025-11-23,04:00:00Z,NA
hamilton,ferrari,4,19,8,117.11500000000001,2025,22,Las Vegas Grand Prix,vegas,Las Vegas Strip Street Circuit,36.1147,-115.173,Las Vegas,USA,2025-11-23,04:00:00Z,NA
ocon,haas,2,13,9,112.987,2025,22,Las Vegas Grand Prix,vegas,Las Vegas Strip Street Circuit,36.1147,-115.173,Las Vegas,USA,2025-11-23,04:00:00Z,NA
bearman,haas,1,14,10,113.094,2025,22,Las Vegas Grand Prix,vegas,Las Vegas Strip Street Circuit,36.1147,-115.173,Las Vegas,USA,2025-11-23,04:00:00Z,NA
alonso,aston_martin,0,7,11,109.46600000000001,2025,22,Las Vegas Grand Prix,vegas,Las Vegas Strip Street Circuit,36.1147,-115.173,Las Vegas,USA,2025-11-23,04:00:00Z,NA
tsunoda,red_bull,0,20,12,116.798,2025,22,Las Vegas Grand Prix,vegas,Las Vegas Strip Street Circuit,36.1147,-115.173,Las Vegas,USA,2025-11-23,04:00:00Z,NA
gasly,alpine,0,10,13,111.53999999999999,2025,22,Las Vegas Grand Prix,vegas,Las Vegas Strip Street Circuit,36.1147,-115.173,Las Vegas,USA,2025-11-23,04:00:00Z,NA
lawson,rb,0,6,14,109.062,2025,22,Las Vegas Grand Prix,vegas,Las Vegas Strip Street Circuit,36.1147,-115.173,Las Vegas,USA,2025-11-23,04:00:00Z,NA
colapinto,alpine,0,15,15,113.68299999999999,2025,22,Las Vegas Grand Prix,vegas,Las Vegas Strip Street Circuit,36.1147,-115.173,Las Vegas,USA,2025-11-23,04:00:00Z,NA
albon,williams,0,16,16,116.22,2025,22,Las Vegas Grand Prix,vegas,Las Vegas Strip Street Circuit,36.1147,-115.173,Las Vegas,USA,2025-11-23,04:00:00Z,NA
bortoleto,sauber,0,18,17,116.674,2025,22,Las Vegas Grand Prix,vegas,Las Vegas Strip Street Circuit,36.1147,-115.173,Las Vegas,USA,2025-11-23,04:00:00Z,NA
stroll,aston_martin,0,12,18,112.85,2025,22,Las Vegas Grand Prix,vegas,Las Vegas Strip Street Circuit,36.1147,-115.173,Las Vegas,USA,2025-11-23,04:00:00Z,NA
norris,mclaren,0,1,19,107.934,2025,22,Las Vegas Grand Prix,vegas,Las Vegas Strip Street Circuit,36.1147,-115.173,Las Vegas,USA,2025-11-23,04:00:00Z,NA
piastri,mclaren,0,5,20,108.961,2025,22,Las Vegas Grand Prix,vegas,Las Vegas Strip Street Circuit,36.1147,-115.173,Las Vegas,USA,2025-11-23,04:00:00Z,NA
max_verstappen,red_bull,25,3,1,79.651,2025,23,Qatar Grand Prix,losail,Losail International Circuit,25.49,51.4542,Lusail,Qatar,2025-11-30,16:00:00Z,2025-11-29
piastri,mclaren,18,1,2,79.387,2025,23,Qatar Grand Prix,losail,Losail International Circuit,25.49,51.4542,Lusail,Qatar,2025-11-30,16:00:00Z,2025-11-29
sainz,williams,15,7,3,80.251,2025,23,Qatar Grand Prix,losail,Losail International Circuit,25.49,51.4542,Lusail,Qatar,2025-11-30,16:00:00Z,2025-11-29
norris,mclaren,12,2,4,79.495,2025,23,Qatar Grand Prix,losail,Losail International Circuit,25.49,51.4542,Lusail,Qatar,2025-11-30,16:00:00Z,2025-11-29
antonelli,mercedes,10,5,5,79.846,2025,23,Qatar Grand Prix,losail,Losail International Circuit,25.49,51.4542,Lusail,Qatar,2025-11-30,16:00:00Z,2025-11-29
russell,mercedes,8,4,6,79.662,2025,23,Qatar Grand Prix,losail,Losail International Circuit,25.49,51.4542,Lusail,Qatar,2025-11-30,16:00:00Z,2025-11-29
alonso,aston_martin,6,8,7,80.219,2025,23,Qatar Grand Prix,losail,Losail International Circuit,25.49,51.4542,Lusail,Qatar,2025-11-30,16:00:00Z,2025-11-29
leclerc,ferrari,4,10,8,80.343,2025,23,Qatar Grand Prix,losail,Losail International Circuit,25.49,51.4542,Lusail,Qatar,2025-11-30,16:00:00Z,2025-11-29
lawson,rb,2,12,9,80.43299999999999,2025,23,Qatar Grand Prix,losail,Losail International Circuit,25.49,51.4542,Lusail,Qatar,2025-11-30,16:00:00Z,2025-11-29
tsunoda,red_bull,1,15,10,80.761,2025,23,Qatar Grand Prix,losail,Losail International Circuit,25.49,51.4542,Lusail,Qatar,2025-11-30,16:00:00Z,2025-11-29
albon,williams,0,14,11,80.629,2025,23,Qatar Grand Prix,losail,Losail International Circuit,25.49,51.4542,Lusail,Qatar,2025-11-30,16:00:00Z,2025-11-29
hamilton,ferrari,0,17,12,80.907,2025,23,Qatar Grand Prix,losail,Losail International Circuit,25.49,51.4542,Lusail,Qatar,2025-11-30,16:00:00Z,2025-11-29
bortoleto,sauber,0,19,13,80.53399999999999,2025,23,Qatar Grand Prix,losail,Losail International Circuit,25.49,51.4542,Lusail,Qatar,2025-11-30,16:00:00Z,2025-11-29
colapinto,alpine,0,20,14,81.137,2025,23,Qatar Grand Prix,losail,Losail International Circuit,25.49,51.4542,Lusail,Qatar,2025-11-30,16:00:00Z,2025-11-29
ocon,haas,0,16,15,80.864,2025,23,Qatar Grand Prix,losail,Losail International Circuit,25.49,51.4542,Lusail,Qatar,2025-11-30,16:00:00Z,2025-11-29
gasly,alpine,0,9,16,80.324,2025,23,Qatar Grand Prix,losail,Losail International Circuit,25.49,51.4542,Lusail,Qatar,2025-11-30,16:00:00Z,2025-11-29
stroll,aston_martin,0,18,17,81.05799999999999,2025,23,Qatar Grand Prix,losail,Losail International Circuit,25.49,51.4542,Lusail,Qatar,2025-11-30,16:00:00Z,2025-11-29
hadjar,rb,0,6,18,80.114,2025,23,Qatar Grand Prix,losail,Losail International Circuit,25.49,51.4542,Lusail,Qatar,2025-11-30,16:00:00Z,2025-11-29
bearman,haas,0,13,19,80.438,2025,23,Qatar Grand Prix,losail,Losail International Circuit,25.49,51.4542,Lusail,Qatar,2025-11-30,16:00:00Z,2025-11-29
hulkenberg,sauber,0,11,20,80.35300000000001,2025,23,Qatar Grand Prix,losail,Losail International Circuit,25.49,51.4542,Lusail,Qatar,2025-11-30,16:00:00Z,2025-11-29
max_verstappen,red_bull,25,1,1,82.207,2025,24,Abu Dhabi Grand Prix,yas_marina,Yas Marina Circuit,24.4672,54.6031,Abu Dhabi,UAE,2025-12-07,13:00:00Z,NA
piastri,mclaren,18,3,2,82.437,2025,24,Abu Dhabi Grand Prix,yas_marina,Yas Marina Circuit,24.4672,54.6031,Abu Dhabi,UAE,2025-12-07,13:00:00Z,NA
norris,mclaren,15,2,3,82.408,2025,24,Abu Dhabi Grand Prix,yas_marina,Yas Marina Circuit,24.4672,54.6031,Abu Dhabi,UAE,2025-12-07,13:00:00Z,NA
leclerc,ferrari,12,5,4,82.73,2025,24,Abu Dhabi Grand Prix,yas_marina,Yas Marina Circuit,24.4672,54.6031,Abu Dhabi,UAE,2025-12-07,13:00:00Z,NA
russell,mercedes,10,4,5,82.645,2025,24,Abu Dhabi Grand Prix,yas_marina,Yas Marina Circuit,24.4672,54.6031,Abu Dhabi,UAE,2025-12-07,13:00:00Z,NA
alonso,aston_martin,8,6,6,82.861,2025,24,Abu Dhabi Grand Prix,yas_marina,Yas Marina Circuit,24.4672,54.6031,Abu Dhabi,UAE,2025-12-07,13:00:00Z,NA
ocon,haas,6,8,7,82.913,2025,24,Abu Dhabi Grand Prix,yas_marina,Yas Marina Circuit,24.4672,54.6031,Abu Dhabi,UAE,2025-12-07,13:00:00Z,NA
hamilton,ferrari,4,16,8,83.394,2025,24,Abu Dhabi Grand Prix,yas_marina,Yas Marina Circuit,24.4672,54.6031,Abu Dhabi,UAE,2025-12-07,13:00:00Z,NA
hulkenberg,sauber,2,18,9,83.45,2025,24,Abu Dhabi Grand Prix,yas_marina,Yas Marina Circuit,24.4672,54.6031,Abu Dhabi,UAE,2025-12-07,13:00:00Z,NA
stroll,aston_martin,1,15,10,83.09700000000001,2025,24,Abu Dhabi Grand Prix,yas_marina,Yas Marina Circuit,24.4672,54.6031,Abu Dhabi,UAE,2025-12-07,13:00:00Z,NA
bortoleto,sauber,0,7,11,82.874,2025,24,Abu Dhabi Grand Prix,yas_marina,Yas Marina Circuit,24.4672,54.6031,Abu Dhabi,UAE,2025-12-07,13:00:00Z,NA
bearman,haas,0,11,12,83.041,2025,24,Abu Dhabi Grand Prix,yas_marina,Yas Marina Circuit,24.4672,54.6031,Abu Dhabi,UAE,2025-12-07,13:00:00Z,NA
sainz,williams,0,12,13,83.042,2025,24,Abu Dhabi Grand Prix,yas_marina,Yas Marina Circuit,24.4672,54.6031,Abu Dhabi,UAE,2025-12-07,13:00:00Z,NA
tsunoda,red_bull,0,10,14,83.03399999999999,2025,24,Abu Dhabi Grand Prix,yas_marina,Yas Marina Circuit,24.4672,54.6031,Abu Dhabi,UAE,2025-12-07,13:00:00Z,NA
antonelli,mercedes,0,14,15,82.894,2025,24,Abu Dhabi Grand Prix,yas_marina,Yas Marina Circuit,24.4672,54.6031,Abu Dhabi,UAE,2025-12-07,13:00:00Z,NA
albon,williams,0,17,16,83.416,2025,24,Abu Dhabi Grand Prix,yas_marina,Yas Marina Circuit,24.4672,54.6031,Abu Dhabi,UAE,2025-12-07,13:00:00Z,NA
hadjar,rb,0,9,17,82.997,2025,24,Abu Dhabi Grand Prix,yas_marina,Yas Marina Circuit,24.4672,54.6031,Abu Dhabi,UAE,2025-12-07,13:00:00Z,NA
lawson,rb,0,13,18,83.077,2025,24,Abu Dhabi Grand Prix,yas_marina,Yas Marina Circuit,24.4672,54.6031,Abu Dhabi,UAE,2025-12-07,13:00:00Z,NA
gasly,alpine,0,19,19,83.468,2025,24,Abu Dhabi Grand Prix,yas_marina,Yas Marina Circuit,24.4672,54.6031,Abu Dhabi,UAE,2025-12-07,13:00:00Z,NA
colapinto,alpine,0,20,20,83.89,2025,24,Abu Dhabi Grand Prix,yas_marina,Yas Marina Circuit,24.4672,54.6031,Abu Dhabi,UAE,2025-12-07,13:00:00Z,NA
